FirstName,Surname,PositionsList,Team,Cost,PointsLastRound,TotalPoints,AveragePoints,AveragePointsPerDollar,TotalPointsPerDollar,GameweekWeighting,TransfersOut,YellowCards,GoalsConceded,GoalsConcededPoints,Saves,SavesPoints,GoalsScored,GoalsScoredPoints,ValueSeason,TransfersOutRound,PriceRise,PriceFallRound,LastSeasonPoints,PriceFall,ValueForm,PenaltiesMissed,Form,Bonus,FanRating,CleanSheets,CleanSheetPoints,Assists,SelectedByPercent,TransfersIn,OwnGoals,EAIndex,PenaltiesSaved,DreamteamCount,MinutesPlayed,TransfersInRound,PriceRiseRound,RedCards,BPS,NextFixture1,NextFixture2,NextFixture3,NextFixture4,NextFixture5,ICTIndex,year,week,Timeline
,Adam Smith,DEF,BOU,4500000,0,56,4.05E-27,9.00E-34,1.24E-05,0,0,6,38,0,0,0,1,0,0,0,0,0,56,0,0,0,0,3,0,2,0,3,0.3,0,0,0,0,0,2067,0,0,0,376,Cardiff City,West Ham,Everton,Chelsea,Leicester,94.5,2018,0,Y18W0
,Adrian,GLK,WHU,4500000,0,72,5.21E-27,1.16E-33,1.60E-05,0,0,2,29,0,69,0,0,0,0,0,0,0,72,0,0,0,0,5,0,6,0,0,0.6,0,0,0,0,0,1710,0,0,0,374,Liverpool,Bournemouth,Arsenal,Wolverhampton,Everton,47,2018,0,Y18W0
Sergio,Aguero,FWD,MCI,11000000,0,169,4.447368421,4.04E-07,1.54E-05,0,0,2,12,0,0,0,21,0,0,0,0,0,169,0,0,0,0,22,0,13,0,6,12.9,0,0,0,0,0,1960,0,0,0,740,Arsenal,Huddersfield,Wolverhampton,Newcastle,Fulham,302.5,2018,0,Y18W0
Nathan,Ake,DEF,BOU,5000000,0,102,2.684210526,5.37E-07,2.04E-05,0,0,5,59,0,0,0,2,0,0,0,0,0,102,0,0,0,0,8,0,6,0,3,6.1,0,0,0,0,0,3352,0,0,0,642,Cardiff City,West Ham,Everton,Chelsea,Leicester,133.5,2018,0,Y18W0
Marc,Albrighton,MID,LEI,5500000,0,107,2.815789474,5.12E-07,1.95E-05,0,0,5,42,0,0,0,2,0,0,0,0,0,107,0,0,0,0,12,0,8,0,8,0.6,0,0,0,0,0,2533,0,0,1,458,Man Utd,Wolverhampton,Southampton,Liverpool,Bournemouth,160.2,2018,0,Y18W0
Toby,Alderweireld,DEF,TOT,6000000,0,43,3.11E-27,5.18E-34,7.17E-06,0,0,3,13,0,0,0,0,0,0,0,0,0,43,0,0,0,0,3,0,5,0,0,3.6,0,0,0,0,0,1177,0,0,0,247,Newcastle,Fulham,Man Utd,Watford,Liverpool,36.8,2018,0,Y18W0
Trent,Alexander-Arnold,DEF,LIV,5000000,0,83,6.00E-27,1.20E-33,1.66E-05,0,0,3,17,0,0,0,1,0,0,0,0,0,83,0,0,0,0,10,0,8,0,2,15.4,0,0,0,0,0,1573,0,0,0,385,West Ham,Crystal Palace,Brighton,Leicester,Tottenham,90.1,2018,0,Y18W0
,Alisson,GLK,LIV,5500000,0,0,0,0,0,0,0,0,0,0,0,0,0,0,0,0,0,0,0,0,0,0,0,0,0,0,0,0,11.1,0,0,0,0,0,0,0,0,0,0,West Ham,Crystal Palace,Brighton,Leicester,Tottenham,0,2018,0,Y18W0
Bamidele,Alli,MID,TOT,9000000,0,175,4.605263158,5.12E-07,1.94E-05,0,0,7,28,0,0,0,9,0,0,0,0,0,175,0,0,0,0,12,0,16,0,13,3.5,0,0,0,0,0,2957,0,0,0,565,Newcastle,Fulham,Man Utd,Watford,Liverpool,258.8,2018,0,Y18W0
Marcos,Alonso,DEF,CHE,6500000,0,165,4.342105263,6.68E-07,2.54E-05,0,0,6,30,0,0,0,7,0,0,0,0,0,165,0,0,0,0,15,0,13,0,2,16.9,0,0,0,0,0,2855,0,0,0,650,Huddersfield,Arsenal,Newcastle,Bournemouth,Cardiff City,207.1,2018,0,Y18W0
Daniel,Amartey,MID,LEI,4500000,0,13,9.40E-28,2.09E-34,2.89E-06,0,0,0,7,0,0,0,0,0,0,0,0,0,13,0,0,0,0,0,0,3,0,0,0.2,0,0,0,0,0,486,0,0,1,53,Man Utd,Wolverhampton,Southampton,Liverpool,Bournemouth,9.2,2018,0,Y18W0
Ethan,Ampadu,MID,CHE,4500000,0,1,3.62E-28,8.04E-35,2.22E-07,0,0,0,1,0,0,0,0,0,0,0,0,0,1,0,0,0,0,0,0,0,0,0,0,0,0,0,0,0,10,0,0,0,6,Huddersfield,Arsenal,Newcastle,Bournemouth,Cardiff City,0.7,2018,0,Y18W0
Florin,Andone,FWD,BHA,5000000,0,0,0,0,0,0,0,0,0,0,0,0,0,0,0,0,0,0,0,0,0,0,0,0,0,0,0,0,0.3,0,0,0,0,0,0,0,0,0,0,Watford,Man Utd,Liverpool,Fulham,Southampton,0,2018,0,Y18W0
Michail,Antonio,MID,WHU,7000000,0,62,4.48E-27,6.41E-34,8.86E-06,0,0,1,23,0,0,0,3,0,0,0,0,0,62,0,0,0,0,1,0,7,0,2,3.3,0,0,0,0,0,1350,0,0,0,188,Liverpool,Bournemouth,Arsenal,Wolverhampton,Everton,94.6,2018,0,Y18W0
Stuart,Armstrong,MID,SOU,5500000,0,0,0,0,0,0,0,0,0,0,0,0,0,0,0,0,0,0,0,0,0,0,0,0,0,0,0,0,0.2,0,0,0,0,0,0,0,0,0,0,Burnley,Everton,Leicester,Crystal Palace,Brighton,0,2018,0,Y18W0
Marko,Arnautovic,FWD,WHU,7000000,0,144,3.789473684,5.41E-07,2.06E-05,0,0,5,50,0,0,0,11,0,0,0,0,0,144,0,0,0,0,12,0,7,0,7,26.5,0,0,0,0,0,2309,0,0,1,440,Liverpool,Bournemouth,Arsenal,Wolverhampton,Everton,241.1,2018,0,Y18W0
Harry,Arter,MID,BOU,5000000,0,27,1.95E-27,3.91E-34,5.40E-06,0,0,4,13,0,0,0,1,0,0,0,0,0,27,0,0,0,0,0,0,3,0,0,0.4,0,0,0,0,0,959,0,0,0,156,Cardiff City,West Ham,Everton,Chelsea,Leicester,29.2,2018,0,Y18W0
Christian,Atsu,MID,NEW,5500000,0,78,5.64E-27,1.03E-33,1.42E-05,0,0,1,22,0,0,0,2,0,0,0,0,0,78,0,0,0,0,5,0,6,0,4,0.2,0,0,0,0,0,1776,0,0,0,236,Tottenham,Cardiff City,Chelsea,Man City,Arsenal,112.9,2018,0,Y18W0
Pierre-Emerick,Aubameyang,FWD,ARS,11000000,0,87,6.29E-27,5.72E-34,7.91E-06,0,0,0,15,0,0,0,10,0,0,0,0,0,87,0,0,1,0,12,0,4,0,4,24.3,0,0,0,0,0,1056,0,0,0,354,Man City,Chelsea,West Ham,Cardiff City,Newcastle,127.1,2018,0,Y18W0
Serge,Aurier,DEF,TOT,6000000,0,77,5.57E-27,9.28E-34,1.28E-05,0,0,1,13,0,0,0,2,0,0,0,0,0,77,0,0,0,0,9,0,6,0,2,1.7,0,0,0,0,0,1427,0,0,1,335,Newcastle,Fulham,Man Utd,Watford,Liverpool,81.4,2018,0,Y18W0
Charlie,Austin,FWD,SOU,6000000,0,72,5.21E-27,8.68E-34,1.20E-05,0,0,2,15,0,0,0,7,0,0,0,0,0,72,0,0,0,0,9,0,4,0,1,2.6,0,0,0,0,0,1024,0,0,0,215,Burnley,Everton,Leicester,Crystal Palace,Brighton,107.7,2018,0,Y18W0
Floyd,Ayite,MID,FUL,4500000,0,0,0,0,0,0,0,0,0,0,0,0,0,0,0,0,0,0,0,0,0,0,0,0,0,0,0,0,0.3,0,0,0,0,0,0,0,0,0,0,Crystal Palace,Tottenham,Burnley,Brighton,Man City,0,2018,0,Y18W0
Cesar,Azpilicueta,DEF,CHE,6500000,0,175,4.605263158,7.09E-07,2.69E-05,0,0,1,38,0,0,0,2,0,0,0,0,0,175,0,0,0,0,25,0,15,0,6,16.2,0,1,0,0,0,3330,0,0,0,913,Huddersfield,Arsenal,Newcastle,Bournemouth,Cardiff City,167.5,2018,0,Y18W0
Juninho,Bacuna,MID,HUD,4500000,0,0,0,0,0,0,0,0,0,0,0,0,0,0,0,0,0,0,0,0,0,0,0,0,0,0,0,0,0.2,0,0,0,0,0,0,0,0,0,0,Chelsea,Man City,Cardiff City,Everton,Crystal Palace,0,2018,0,Y18W0
Eric,Bailly,DEF,MUN,5500000,0,55,3.98E-27,7.23E-34,1.00E-05,0,0,2,6,0,0,0,1,0,0,0,0,0,55,0,0,0,0,3,0,7,0,0,6,0,1,0,0,0,1000,0,0,0,248,Leicester,Brighton,Tottenham,Burnley,Watford,33,2018,0,Y18W0
Leighton,Baines,DEF,EVE,5500000,0,82,2.157894737,3.92E-07,1.49E-05,0,0,1,34,0,0,0,2,0,0,0,0,0,82,0,0,0,0,10,0,5,0,3,2.2,0,0,0,0,0,1909,0,0,0,381,Wolverhampton,Southampton,Bournemouth,Huddersfield,West Ham,88.2,2018,0,Y18W0
Tiemoue,Bakayoko,MID,CHE,5000000,0,77,2.026315789,4.05E-07,1.54E-05,0,0,3,24,0,0,0,2,0,0,0,0,0,77,0,0,0,0,5,0,11,0,2,0.3,0,0,0,0,0,2121,0,0,1,346,Huddersfield,Arsenal,Newcastle,Bournemouth,Cardiff City,113.2,2018,0,Y18W0
Fabian,Balbuena,DEF,WHU,4500000,0,0,0,0,0,0,0,0,0,0,0,0,0,0,0,0,0,0,0,0,0,0,0,0,0,0,0,0,0.4,0,0,0,0,0,0,0,0,0,0,Liverpool,Bournemouth,Arsenal,Wolverhampton,Everton,0,2018,0,Y18W0
Sam,Baldock,FWD,BHA,4500000,0,2,1.45E-28,3.21E-35,4.44E-07,0,0,0,1,0,0,0,0,0,0,0,0,0,2,0,0,0,0,0,0,0,0,0,1.8,0,0,0,0,0,30,0,0,0,4,Watford,Man Utd,Liverpool,Fulham,Southampton,0.7,2018,0,Y18W0
Leon,Balogun,DEF,BHA,4500000,0,0,0,0,0,0,0,0,0,0,0,0,0,0,0,0,0,0,0,0,0,0,0,0,0,0,0,0,0.2,0,0,0,0,0,0,0,0,0,0,Watford,Man Utd,Liverpool,Fulham,Southampton,0,2018,0,Y18W0
Sol,Bamba,DEF,CAR,4500000,0,0,0,0,0,0,0,0,0,0,0,0,0,0,0,0,0,0,0,0,0,0,0,0,0,0,0,0,1.1,0,0,0,0,0,0,0,0,0,0,Bournemouth,Newcastle,Huddersfield,Arsenal,Chelsea,0,2018,0,Y18W0
Beni,Baningime,MID,EVE,4500000,0,7,5.06E-28,1.13E-34,1.56E-06,0,0,1,2,0,0,0,0,0,0,0,0,0,7,0,0,0,0,0,0,0,0,0,0.1,0,0,0,0,0,192,0,0,0,20,Wolverhampton,Southampton,Bournemouth,Huddersfield,West Ham,1.3,2018,0,Y18W0
Phil,Bardsley,DEF,BUR,4500000,0,33,2.39E-27,5.30E-34,7.33E-06,0,0,5,13,0,0,0,0,0,0,0,0,0,33,0,0,0,0,0,0,4,0,0,0.2,0,0,0,0,0,1125,0,0,0,193,Southampton,Watford,Fulham,Man Utd,Wolverhampton,38.3,2018,0,Y18W0
Ross,Barkley,MID,CHE,6000000,0,3,2.17E-28,3.62E-35,5.00E-07,0,0,0,4,0,0,0,0,0,0,0,0,0,3,0,0,0,0,0,0,0,0,0,0.5,0,0,0,0,0,129,0,0,0,11,Huddersfield,Arsenal,Newcastle,Bournemouth,Cardiff City,10.1,2018,0,Y18W0
Ashley,Barnes,FWD,BUR,6000000,0,92,2.421052632,4.04E-07,1.53E-05,0,0,10,23,0,0,0,9,0,0,0,0,0,92,0,0,0,0,9,0,5,0,0,0.8,0,0,0,0,0,2150,0,0,0,290,Southampton,Watford,Fulham,Man Utd,Wolverhampton,145.8,2018,0,Y18W0
Danny,Batth,DEF,WOL,4000000,0,0,0,0,0,0,0,0,0,0,0,0,0,0,0,0,0,0,0,0,0,0,0,0,0,0,0,0,1.9,0,0,0,0,0,0,0,0,0,0,Everton,Leicester,Man City,West Ham,Burnley,0,2018,0,Y18W0
Jan,Bednarek,DEF,SOU,4000000,0,22,1.59E-27,3.98E-34,5.50E-06,0,0,1,5,0,0,0,1,0,0,0,0,0,22,0,0,0,0,0,0,2,0,0,5.4,0,0,0,0,0,427,0,0,0,88,Burnley,Everton,Leicester,Crystal Palace,Brighton,13.1,2018,0,Y18W0
Asmir,Begovic,GLK,BOU,4500000,0,112,2.947368421,6.55E-07,2.49E-05,0,0,2,61,0,111,0,0,0,0,0,0,0,112,0,0,0,0,6,0,6,0,0,5.1,0,0,0,1,0,3420,0,0,0,631,Cardiff City,West Ham,Everton,Chelsea,Leicester,80.8,2018,0,Y18W0
Hector,Bellerin,DEF,ARS,5500000,0,132,3.473684211,6.32E-07,2.40E-05,0,0,5,44,0,0,0,2,0,0,0,0,0,132,0,0,0,0,11,0,12,0,4,14,0,0,0,0,0,3050,0,0,0,656,Man City,Chelsea,West Ham,Cardiff City,Newcastle,160.1,2018,0,Y18W0
Yohan,Benalouane,DEF,LEI,4000000,0,1,7.23E-29,1.81E-35,2.50E-07,0,0,0,2,0,0,0,0,0,0,0,0,0,1,0,0,0,0,0,0,0,0,0,0.8,0,0,0,0,0,90,0,0,0,7,Man Utd,Wolverhampton,Southampton,Liverpool,Bournemouth,4.4,2018,0,Y18W0
Joe,Bennett,DEF,CAR,4500000,0,0,0,0,0,0,0,0,0,0,0,0,0,0,0,0,0,0,0,0,0,0,0,0,0,0,0,0,0.3,0,0,0,0,0,0,0,0,0,0,Bournemouth,Newcastle,Huddersfield,Arsenal,Chelsea,0,2018,0,Y18W0
Ryan,Bennett,DEF,WOL,4000000,0,0,0,0,0,0,0,0,0,0,0,0,0,0,0,0,0,0,0,0,0,0,0,0,0,0,0,0,4.8,0,0,0,0,0,0,0,0,0,0,Everton,Leicester,Man City,West Ham,Burnley,0,2018,0,Y18W0
Christian,Benteke,FWD,CRY,6500000,0,84,2.210526316,3.40E-07,1.29E-05,0,0,6,36,0,0,0,3,0,0,0,0,0,84,0,0,1,0,5,0,6,0,7,0.7,0,0,0,0,0,2234,0,0,0,174,Fulham,Liverpool,Watford,Southampton,Huddersfield,157.5,2018,0,Y18W0
,Bernardo,DEF,BHA,4500000,0,0,0,0,0,0,0,0,0,0,0,0,0,0,0,0,0,0,0,0,0,0,0,0,0,0,0,0,0.2,0,0,0,0,0,0,0,0,0,0,Watford,Man Utd,Liverpool,Fulham,Southampton,0,2018,0,Y18W0
,Bernardo Silva,MID,MCI,7500000,0,112,8.10E-27,1.08E-33,1.49E-05,0,0,0,10,0,0,0,6,0,0,0,0,0,112,0,0,0,0,8,0,9,0,5,1.1,0,0,0,0,0,1514,0,0,0,440,Arsenal,Huddersfield,Wolverhampton,Newcastle,Fulham,144.4,2018,0,Y18W0
Ryan,Bertrand,DEF,SOU,5000000,0,103,2.710526316,5.42E-07,2.06E-05,0,0,2,49,0,0,0,0,0,0,0,0,0,103,0,0,0,0,4,0,8,0,5,5.3,0,0,0,0,0,3135,0,0,0,553,Burnley,Everton,Leicester,Crystal Palace,Brighton,139.3,2018,0,Y18W0
Marcus,Bettinelli,GLK,FUL,4500000,0,0,0,0,0,0,0,0,0,0,0,0,0,0,0,0,0,0,0,0,0,0,0,0,0,0,0,0,0.6,0,0,0,0,0,0,0,0,0,0,Crystal Palace,Tottenham,Burnley,Brighton,Man City,0,2018,0,Y18W0
Philip,Billing,MID,HUD,4500000,0,22,1.59E-27,3.54E-34,4.89E-06,0,0,3,11,0,0,0,0,0,0,0,0,0,22,0,0,0,0,0,0,3,0,0,0.1,0,0,0,0,0,755,0,0,0,98,Chelsea,Man City,Cardiff City,Everton,Crystal Palace,19.3,2018,0,Y18W0
Yves,Bissouma,MID,BHA,5000000,0,0,0,0,0,0,0,0,0,0,0,0,0,0,0,0,0,0,0,0,0,0,0,0,0,0,0,0,0,0,0,0,0,0,0,0,0,0,0,Watford,Man Utd,Liverpool,Fulham,Southampton,0,2018,0,Y18W0
Daley,Blind,DEF,MUN,5000000,0,28,0.736842105,1.47E-07,5.60E-06,0,0,0,0,0,0,0,0,0,0,0,0,0,28,0,0,0,0,1,0,4,0,0,0,0,0,0,0,0,360,0,0,0,119,Leicester,Brighton,Tottenham,Burnley,Watford,17.3,2018,0,Y18W0
Omar,Bogle,FWD,CAR,4500000,0,0,0,0,0,0,0,0,0,0,0,0,0,0,0,0,0,0,0,0,0,0,0,0,0,0,0,0,0.9,0,0,0,0,0,0,0,0,0,0,Bournemouth,Newcastle,Huddersfield,Arsenal,Chelsea,0,2018,0,Y18W0
Yannick,Bolasie,MID,EVE,6000000,0,35,2.53E-27,4.22E-34,5.83E-06,0,0,0,14,0,0,0,1,0,0,0,0,0,35,0,0,0,0,0,0,3,0,1,0.4,0,0,0,0,0,848,0,0,0,80,Wolverhampton,Southampton,Bournemouth,Huddersfield,West Ham,40.8,2018,0,Y18W0
Willy,Boly,DEF,WOL,4500000,0,0,0,0,0,0,0,0,0,0,0,0,0,0,0,0,0,0,0,0,0,0,0,0,0,0,0,0,2,0,0,0,0,0,0,0,0,0,0,Everton,Leicester,Man City,West Ham,Burnley,0,2018,0,Y18W0
Bonatini Lohner Maia,Bonatini,FWD,WOL,5000000,0,0,0,0,0,0,0,0,0,0,0,0,0,0,0,0,0,0,0,0,0,0,0,0,0,0,0,0,1.2,0,0,0,0,0,0,0,0,0,0,Everton,Leicester,Man City,West Ham,Burnley,0,2018,0,Y18W0
Gaetan,Bong,DEF,BHA,4500000,0,63,1.657894737,3.68E-07,1.40E-05,0,0,2,36,0,0,0,0,0,0,0,0,0,63,0,0,0,0,5,0,6,0,0,0.2,0,1,0,0,0,2237,0,0,0,369,Watford,Man Utd,Liverpool,Fulham,Southampton,52.1,2018,0,Y18W0
Artur,Boruc,GLK,BOU,4000000,0,0,0,0,0,0,0,0,0,0,0,0,0,0,0,0,0,0,0,0,0,0,0,0,0,0,0,0,7.1,0,0,0,0,0,0,0,0,0,0,Cardiff City,West Ham,Everton,Chelsea,Leicester,0,2018,0,Y18W0
Sofiane,Boufal,MID,SOU,5500000,0,55,1.447368421,2.63E-07,1.00E-05,0,0,1,24,0,0,0,2,0,0,0,0,0,55,0,0,0,0,2,0,1,0,2,0,0,0,0,0,0,1206,0,0,0,215,Burnley,Everton,Leicester,Crystal Palace,Brighton,103.7,2018,0,Y18W0
Robbie,Brady,MID,BUR,5500000,0,56,2.03E-26,3.68E-33,1.02E-05,0,0,3,12,0,0,0,1,0,0,0,0,0,56,0,0,0,0,7,0,6,0,4,0.1,0,0,0,0,0,1277,0,0,0,216,Southampton,Watford,Fulham,Man Utd,Wolverhampton,97.3,2018,0,Y18W0
Claudio,Bravo,GLK,MCI,5000000,0,10,7.23E-28,1.45E-34,2.00E-06,0,0,0,1,0,4,0,0,0,0,0,0,0,10,0,0,0,0,1,0,1,0,0,0.2,0,0,0,0,0,224,0,0,0,42,Arsenal,Huddersfield,Wolverhampton,Newcastle,Fulham,4.5,2018,0,Y18W0
Miguel,Britos,DEF,WAT,4500000,0,22,1.59E-27,3.54E-34,4.89E-06,0,0,3,16,0,0,0,1,0,0,0,0,0,22,0,0,0,0,0,0,2,0,0,0.1,0,0,0,0,0,795,0,0,1,149,Brighton,Burnley,Crystal Palace,Tottenham,Man Utd,27.3,2018,0,Y18W0
David,Brooks,MID,BOU,5000000,0,0,0,0,0,0,0,0,0,0,0,0,0,0,0,0,0,0,0,0,0,0,0,0,0,0,0,0,0.1,0,0,0,0,0,0,0,0,0,0,Cardiff City,West Ham,Everton,Chelsea,Leicester,0,2018,0,Y18W0
,Bruno,DEF,BHA,4500000,0,84,2.210526316,4.91E-07,1.87E-05,0,0,3,23,0,0,0,0,0,0,0,0,0,84,0,0,0,0,8,0,10,0,0,0.3,0,0,0,0,0,2014,0,0,0,423,Watford,Man Utd,Liverpool,Fulham,Southampton,57.2,2018,0,Y18W0
David,Button,GLK,BHA,4000000,0,0,0,0,0,0,0,0,0,0,0,0,0,0,0,0,0,0,0,0,0,0,0,0,0,0,0,0,2.2,0,0,0,0,0,0,0,0,0,0,Watford,Man Utd,Liverpool,Fulham,Southampton,0,2018,0,Y18W0
Sam,Byram,DEF,WHU,4500000,0,5,1.81E-27,4.02E-34,1.11E-06,0,0,1,7,0,0,0,0,0,0,0,0,0,5,0,0,0,0,0,0,0,0,0,0,0,0,0,0,0,246,0,0,0,41,Liverpool,Bournemouth,Arsenal,Wolverhampton,Everton,14.5,2018,0,Y18W0
Willy,Caballero,GLK,CHE,5000000,0,11,7.96E-28,1.59E-34,2.20E-06,0,0,0,4,0,7,0,0,0,0,0,0,0,11,0,0,0,0,0,0,1,0,0,0.1,0,0,0,0,0,270,0,0,0,54,Huddersfield,Arsenal,Newcastle,Bournemouth,Cardiff City,5.5,2018,0,Y18W0
Gary,Cahill,DEF,CHE,5500000,0,74,5.35E-27,9.73E-34,1.35E-05,0,0,1,27,0,0,0,0,0,0,0,0,0,74,0,0,0,0,2,0,9,0,0,1.2,0,0,0,0,0,2082,0,0,1,447,Huddersfield,Arsenal,Newcastle,Bournemouth,Cardiff City,65.4,2018,0,Y18W0
Tom,Cairney,MID,FUL,5000000,0,0,0,0,0,0,0,0,0,0,0,0,0,0,0,0,0,0,0,0,0,0,0,0,0,0,0,0,3.2,0,0,0,0,0,0,0,0,0,0,Crystal Palace,Tottenham,Burnley,Brighton,Man City,0,2018,0,Y18W0
Dominic,Calvert-Lewin,FWD,EVE,5500000,0,88,2.315789474,4.21E-07,1.60E-05,0,0,4,28,0,0,0,4,0,0,0,0,0,88,0,0,0,0,3,0,6,0,8,2.2,0,0,0,0,0,1871,0,0,0,255,Wolverhampton,Southampton,Bournemouth,Huddersfield,West Ham,130.2,2018,0,Y18W0
Etienne,Capoue,MID,WAT,5000000,0,48,1.263157895,2.53E-07,9.60E-06,0,0,3,29,0,0,0,1,0,0,0,0,0,48,0,0,0,0,0,0,4,0,1,0.3,0,0,0,0,0,1537,0,0,0,262,Brighton,Burnley,Crystal Palace,Tottenham,Man Utd,59.7,2018,0,Y18W0
Guido,Carrillo,FWD,SOU,5500000,0,15,0.394736842,7.18E-08,2.73E-06,0,0,0,8,0,0,0,0,0,0,0,0,0,15,0,0,0,0,0,0,1,0,1,0,0,0,0,0,0,449,0,0,0,40,Burnley,Everton,Leicester,Crystal Palace,Brighton,29.4,2018,0,Y18W0
Andy,Carroll,FWD,WHU,5500000,0,36,8.14E-24,1.48E-30,6.55E-06,0,0,5,13,0,0,0,3,0,0,0,0,0,36,0,0,0,0,6,0,3,0,1,0.1,0,0,0,0,0,742,0,0,1,106,Liverpool,Bournemouth,Arsenal,Wolverhampton,Everton,58.8,2018,0,Y18W0
Craig,Cathcart,DEF,WAT,4500000,0,14,1.01E-27,2.25E-34,3.11E-06,0,0,1,6,0,0,0,0,0,0,0,0,0,14,0,0,0,0,0,0,1,0,0,0.1,0,0,0,0,0,495,0,0,0,90,Brighton,Burnley,Crystal Palace,Tottenham,Man Utd,14.6,2018,0,Y18W0
Ivan,Cavaleiro,MID,WOL,5500000,0,0,0,0,0,0,0,0,0,0,0,0,0,0,0,0,0,0,0,0,0,0,0,0,0,0,0,0,0.6,0,0,0,0,0,0,0,0,0,0,Everton,Leicester,Man City,West Ham,Burnley,0,2018,0,Y18W0
Petr,Cech,GLK,ARS,5000000,0,124,3.263157895,6.53E-07,2.48E-05,0,0,1,48,0,90,0,0,0,0,0,0,0,124,0,0,0,0,7,0,11,0,0,1.2,0,0,0,1,0,3039,0,0,0,627,Man City,Chelsea,West Ham,Cardiff City,Newcastle,71.9,2018,0,Y18W0
,Cedric,DEF,SOU,4500000,0,85,2.236842105,4.97E-07,1.89E-05,0,0,3,44,0,0,0,0,0,0,0,0,0,85,0,0,0,0,2,0,7,0,3,16.5,0,0,0,0,0,2794,0,0,0,481,Burnley,Everton,Leicester,Crystal Palace,Brighton,112.3,2018,0,Y18W0
Nathaniel,Chalobah,MID,WAT,4500000,0,13,4.70E-27,1.04E-33,2.89E-06,0,0,1,7,0,0,0,0,0,0,0,0,0,13,0,0,0,0,0,0,3,0,0,0.7,0,0,0,0,0,447,0,0,0,40,Brighton,Burnley,Crystal Palace,Tottenham,Man Utd,20,2018,0,Y18W0
,Chamberlain,MID,LIV,6500000,0,94,2.12E-23,3.27E-30,1.45E-05,0,0,3,28,0,0,0,3,0,0,0,0,0,94,0,0,0,0,5,0,5,0,7,0.1,0,0,0,0,0,1718,0,0,0,423,West Ham,Crystal Palace,Brighton,Leicester,Tottenham,166.5,2018,0,Y18W0
Calum,Chambers,DEF,ARS,4500000,0,23,1.66E-27,3.70E-34,5.11E-06,0,0,1,14,0,0,0,0,0,0,0,0,0,23,0,0,0,0,0,0,2,0,0,0.6,0,0,0,0,0,864,0,0,0,171,Man City,Chelsea,West Ham,Cardiff City,Newcastle,40.2,2018,0,Y18W0
,Chicharito,FWD,WHU,6500000,0,93,2.447368421,3.77E-07,1.43E-05,0,0,3,36,0,0,0,8,0,0,0,0,0,93,0,0,0,0,14,0,6,0,2,2.5,0,0,0,0,0,1537,0,0,0,309,Liverpool,Bournemouth,Arsenal,Wolverhampton,Everton,115,2018,0,Y18W0
Benjamin,Chilwell,DEF,LEI,5000000,0,65,4.70E-27,9.40E-34,1.30E-05,0,0,1,30,0,0,0,0,0,0,0,0,0,65,0,0,0,0,4,0,6,0,2,0.2,0,0,0,0,0,1848,0,0,1,381,Man Utd,Wolverhampton,Southampton,Liverpool,Bournemouth,78,2018,0,Y18W0
Hamza,Choudhury,MID,LEI,4500000,0,13,9.40E-28,2.09E-34,2.89E-06,0,0,1,9,0,0,0,0,0,0,0,0,0,13,0,0,0,0,0,0,0,0,1,0.1,0,0,0,0,0,375,0,0,0,60,Man Utd,Wolverhampton,Southampton,Liverpool,Bournemouth,10.4,2018,0,Y18W0
Andreas,Christensen,DEF,CHE,5500000,0,79,5.71E-27,1.04E-33,1.44E-05,0,0,0,23,0,0,0,0,0,0,0,0,0,79,0,0,0,0,4,0,8,0,0,1.7,0,0,0,0,0,2067,0,0,0,475,Huddersfield,Arsenal,Newcastle,Bournemouth,Cardiff City,64.3,2018,0,Y18W0
Cyrus,Christie,DEF,FUL,4500000,0,0,0,0,0,0,0,0,0,0,0,0,0,0,0,0,0,0,0,0,0,0,0,0,0,0,0,0,0.3,0,0,0,0,0,0,0,0,0,0,Crystal Palace,Tottenham,Burnley,Brighton,Man City,0,2018,0,Y18W0
Ciaran,Clark,DEF,NEW,4500000,0,64,4.63E-27,1.03E-33,1.42E-05,0,0,3,30,0,0,0,2,0,0,0,0,0,64,0,0,0,0,6,0,4,0,1,0.2,0,0,0,0,0,1745,0,0,0,317,Tottenham,Cardiff City,Chelsea,Man City,Arsenal,67.5,2018,0,Y18W0
Tom,Cleverley,MID,WAT,5000000,0,58,1.526315789,3.05E-07,1.16E-05,0,0,1,33,0,0,0,1,0,0,0,0,0,58,0,0,1,0,3,0,6,0,2,0,0,0,0,0,0,1900,0,0,1,300,Brighton,Burnley,Crystal Palace,Tottenham,Man Utd,92.1,2018,0,Y18W0
Nathaniel,Clyne,DEF,LIV,5000000,0,7,5.06E-28,1.01E-34,1.40E-06,0,0,1,1,0,0,0,0,0,0,0,0,0,7,0,0,0,0,0,0,1,0,0,0.5,0,0,0,0,0,173,0,0,0,25,West Ham,Crystal Palace,Brighton,Leicester,Tottenham,8.7,2018,0,Y18W0
Conor,Coady,DEF,WOL,4500000,0,0,0,0,0,0,0,0,0,0,0,0,0,0,0,0,0,0,0,0,0,0,0,0,0,0,0,0,0.7,0,0,0,0,0,0,0,0,0,0,Everton,Leicester,Man City,West Ham,Burnley,0,2018,0,Y18W0
Seamus,Coleman,DEF,EVE,5500000,0,39,2.82E-27,5.13E-34,7.09E-06,0,0,0,12,0,0,0,0,0,0,0,0,0,39,0,0,0,0,0,0,4,0,1,3.7,0,0,0,0,0,1035,0,0,0,198,Wolverhampton,Southampton,Bournemouth,Huddersfield,West Ham,41.2,2018,0,Y18W0
Matthew,Connolly,DEF,CAR,4000000,0,0,0,0,0,0,0,0,0,0,0,0,0,0,0,0,0,0,0,0,0,0,0,0,0,0,0,0,1.8,0,0,0,0,0,0,0,0,0,0,Bournemouth,Newcastle,Huddersfield,Arsenal,Chelsea,0,2018,0,Y18W0
Jack,Cork,MID,BUR,5000000,0,100,2.631578947,5.26E-07,2.00E-05,0,0,7,39,0,0,0,2,0,0,0,0,0,100,0,0,0,0,6,0,12,0,1,1.2,0,0,0,0,0,3420,0,0,0,533,Southampton,Watford,Fulham,Man Utd,Wolverhampton,119,2018,0,Y18W0
Helder,Costa,MID,WOL,5000000,0,0,0,0,0,0,0,0,0,0,0,0,0,0,0,0,0,0,0,0,0,0,0,0,0,0,0,0,1,0,0,0,0,0,0,0,0,0,0,Everton,Leicester,Man City,West Ham,Burnley,0,2018,0,Y18W0
Thibaut,Courtois,GLK,CHE,5500000,0,136,3.578947368,6.51E-07,2.47E-05,0,0,2,34,0,77,0,0,0,0,0,0,0,136,0,0,0,0,4,0,15,0,0,6.6,0,0,0,0,0,3150,0,0,0,635,Huddersfield,Arsenal,Newcastle,Bournemouth,Cardiff City,55.2,2018,0,Y18W0
Aaron,Cresswell,DEF,WHU,5500000,0,118,3.105263158,5.65E-07,2.15E-05,0,0,7,60,0,0,0,1,0,0,0,0,0,118,0,0,0,0,10,0,10,0,7,1.7,0,0,0,0,0,3069,0,0,0,613,Liverpool,Bournemouth,Arsenal,Wolverhampton,Everton,145,2018,0,Y18W0
,Cunningham,DEF,CAR,4500000,0,0,0,0,0,0,0,0,0,0,0,0,0,0,0,0,0,0,0,0,0,0,0,0,0,0,0,0,0.1,0,0,0,0,0,0,0,0,0,0,Bournemouth,Newcastle,Huddersfield,Arsenal,Chelsea,0,2018,0,Y18W0
Pontus,Dahlberg,GLK,WAT,4500000,0,0,0,0,0,0,0,0,0,0,0,0,0,0,0,0,0,0,0,0,0,0,0,0,0,0,0,0,0.1,0,0,0,0,0,0,0,0,0,0,Brighton,Burnley,Crystal Palace,Tottenham,Man Utd,0,2018,0,Y18W0
,Dalot,DEF,MUN,5500000,0,0,0,0,0,0,0,0,0,0,0,0,0,0,0,0,0,0,0,0,0,0,0,0,0,0,0,0,0.1,0,0,0,0,0,0,0,0,0,0,Leicester,Brighton,Tottenham,Burnley,Watford,0,2018,0,Y18W0
Loic,Damour,MID,CAR,4500000,0,0,0,0,0,0,0,0,0,0,0,0,0,0,0,0,0,0,0,0,0,0,0,0,0,0,0,0,0.1,0,0,0,0,0,0,0,0,0,0,Bournemouth,Newcastle,Huddersfield,Arsenal,Chelsea,0,2018,0,Y18W0
Charlie,Daniels,DEF,BOU,4500000,0,94,2.473684211,5.50E-07,2.09E-05,0,0,0,50,0,0,0,1,0,0,0,0,0,94,0,0,0,0,4,0,6,0,3,16.7,0,0,0,0,0,3001,0,0,0,587,Cardiff City,West Ham,Everton,Chelsea,Leicester,125.9,2018,0,Y18W0
,Danilo,DEF,MCI,5500000,0,100,7.23E-27,1.32E-33,1.82E-05,0,0,2,11,0,0,0,3,0,0,0,0,0,100,0,0,0,0,8,0,9,0,2,1.1,0,0,0,0,0,1340,0,0,0,398,Arsenal,Huddersfield,Wolverhampton,Newcastle,Fulham,71.1,2018,0,Y18W0
Scott,Dann,DEF,CRY,4500000,0,32,7.23E-24,1.61E-30,7.11E-06,0,0,4,26,0,0,0,1,0,0,0,0,0,32,0,0,0,0,0,0,1,0,0,0,0,0,0,0,0,1434,0,0,0,211,Fulham,Liverpool,Watford,Southampton,Huddersfield,67,2018,0,Y18W0
Karl,Darlow,GLK,NEW,4500000,0,33,2.39E-27,5.30E-34,7.33E-06,0,0,0,15,0,35,0,0,0,0,0,0,0,33,0,0,0,0,2,0,2,0,0,0.1,0,1,0,0,0,900,0,0,0,172,Tottenham,Cardiff City,Chelsea,Man City,Arsenal,25.9,2018,0,Y18W0
Matteo,Darmian,DEF,MUN,5000000,0,27,1.95E-27,3.91E-34,5.40E-06,0,0,0,3,0,0,0,0,0,0,0,0,0,27,0,0,0,0,3,0,3,0,0,0.2,0,0,0,0,0,443,0,0,0,119,Leicester,Brighton,Tottenham,Burnley,Watford,12.6,2018,0,Y18W0
,David Luiz,DEF,CHE,5500000,0,32,2.31E-27,4.21E-34,5.82E-06,0,0,3,13,0,0,0,1,0,0,0,0,0,32,0,0,0,0,0,0,3,0,2,1.2,0,0,0,0,0,838,0,0,1,186,Huddersfield,Arsenal,Newcastle,Bournemouth,Cardiff City,29.6,2018,0,Y18W0
,David Silva,MID,MCI,8500000,0,169,1.22E-26,1.44E-33,1.99E-05,0,0,5,18,0,0,0,9,0,0,0,0,0,169,0,0,0,0,26,0,14,0,11,6.2,0,0,0,0,0,2431,0,0,0,671,Arsenal,Huddersfield,Wolverhampton,Newcastle,Fulham,286.5,2018,0,Y18W0
Ben,Davies,DEF,TOT,6000000,0,143,3.763157895,6.27E-07,2.38E-05,0,0,3,20,0,0,0,2,0,0,0,0,0,143,0,0,0,0,14,0,12,0,7,8.5,0,0,0,0,0,2323,0,0,0,615,Newcastle,Fulham,Man Utd,Watford,Liverpool,151,2018,0,Y18W0
Tom,Davies,MID,EVE,5500000,0,66,4.77E-27,8.68E-34,1.20E-05,0,0,7,24,0,0,0,2,0,0,0,0,0,66,0,0,0,0,3,0,6,0,2,0.3,0,0,0,0,0,1892,0,0,0,223,Wolverhampton,Southampton,Bournemouth,Huddersfield,West Ham,65.8,2018,0,Y18W0
Steven,Davis,MID,SOU,5000000,0,71,5.14E-27,1.03E-33,1.42E-05,0,0,0,21,0,0,0,3,0,0,0,0,0,71,0,0,0,0,6,0,4,0,2,0.2,0,0,0,0,0,1515,0,0,0,337,Burnley,Everton,Leicester,Crystal Palace,Brighton,82.5,2018,0,Y18W0
Kevin,De Bruyne,MID,MCI,10000000,0,209,5.5,5.50E-07,2.09E-05,0,0,2,22,0,0,0,8,0,0,0,0,0,209,0,0,0,0,25,0,19,0,18,27.8,0,0,0,0,0,3073,0,0,0,872,Arsenal,Huddersfield,Wolverhampton,Newcastle,Fulham,368.9,2018,0,Y18W0
David,De Gea,GLK,MUN,6000000,0,172,4.526315789,7.54E-07,2.87E-05,0,0,0,28,0,115,0,0,0,0,0,0,0,172,0,0,0,0,10,0,18,0,0,29.4,0,0,0,0,0,3330,0,0,0,757,Leicester,Brighton,Tottenham,Burnley,Watford,83.4,2018,0,Y18W0
Troy,Deeney,FWD,WAT,6000000,0,73,1.921052632,3.20E-07,1.22E-05,0,0,1,30,0,0,0,5,0,0,0,0,0,73,0,0,2,0,7,0,6,0,2,1,0,0,0,0,0,1836,0,0,1,241,Brighton,Burnley,Crystal Palace,Tottenham,Man Utd,125.3,2018,0,Y18W0
Jermain,Defoe,FWD,BOU,6000000,0,60,4.34E-27,7.23E-34,1.00E-05,0,0,1,21,0,0,0,4,0,0,0,0,0,60,0,0,0,0,5,0,2,0,2,0.8,0,0,0,0,0,1075,0,0,0,191,Cardiff City,West Ham,Everton,Chelsea,Leicester,88.9,2018,0,Y18W0
Steven,Defour,MID,BUR,5500000,0,62,1.631578947,2.97E-07,1.13E-05,0,0,6,17,0,0,0,1,0,0,0,0,0,62,0,0,0,0,0,0,12,0,1,0,0,0,0,0,0,1998,0,0,0,353,Southampton,Watford,Fulham,Man Utd,Wolverhampton,78.4,2018,0,Y18W0
Fabian,Delph,DEF,MCI,5500000,0,55,1.447368421,2.63E-07,1.00E-05,0,0,2,17,0,0,0,1,0,0,0,0,0,55,0,0,0,0,0,0,6,0,2,0.4,0,0,0,0,0,1740,0,0,0,398,Arsenal,Huddersfield,Wolverhampton,Newcastle,Fulham,69.4,2018,0,Y18W0
Mousa,Dembele,MID,TOT,5000000,0,52,3.76E-27,7.52E-34,1.04E-05,0,0,6,22,0,0,0,0,0,0,0,0,0,52,0,0,0,0,3,0,7,0,0,1.2,0,0,0,0,0,1875,0,0,0,358,Newcastle,Fulham,Man Utd,Watford,Liverpool,68.5,2018,0,Y18W0
Laurent,Depoitre,FWD,HUD,5500000,0,94,2.473684211,4.50E-07,1.71E-05,0,0,1,34,0,0,0,6,0,0,0,0,0,94,0,0,0,0,14,0,4,0,2,1.8,0,0,0,0,0,1807,0,0,0,283,Chelsea,Man City,Cardiff City,Everton,Crystal Palace,99.6,2018,0,Y18W0
Gerard,Deulofeu,MID,WAT,5500000,0,25,9.04E-27,1.64E-33,4.55E-06,0,0,0,3,0,0,0,1,0,0,0,0,0,25,0,0,0,0,3,0,2,0,1,2.2,0,0,0,0,0,433,0,0,0,87,Brighton,Burnley,Crystal Palace,Tottenham,Man Utd,35.8,2018,0,Y18W0
Fousseni,Diabate,MID,LEI,5000000,0,21,1.52E-27,3.04E-34,4.20E-06,0,0,1,12,0,0,0,0,0,0,0,0,0,21,0,0,0,0,0,0,0,0,1,0.1,0,0,0,0,0,579,0,0,0,72,Man Utd,Wolverhampton,Southampton,Liverpool,Bournemouth,29.7,2018,0,Y18W0
Adama,Diakhaby,MID,HUD,5000000,0,0,0,0,0,0,0,0,0,0,0,0,0,0,0,0,0,0,0,0,0,0,0,0,0,0,0,0,0.1,0,0,0,0,0,0,0,0,0,0,Chelsea,Man City,Cardiff City,Everton,Crystal Palace,0,2018,0,Y18W0
Mohamed,Diame,MID,NEW,5000000,0,70,1.842105263,3.68E-07,1.40E-05,0,0,3,27,0,0,0,2,0,0,0,0,0,70,0,0,0,0,3,0,6,0,0,0.1,0,0,0,0,0,2034,0,0,0,340,Tottenham,Cardiff City,Chelsea,Man City,Arsenal,85.3,2018,0,Y18W0
Brahim,Diaz,MID,MCI,5000000,0,5,3.62E-28,7.23E-35,1.00E-06,0,0,0,1,0,0,0,0,0,0,0,0,0,5,0,0,0,0,0,0,0,0,0,0.1,0,0,0,0,0,50,0,0,0,14,Arsenal,Huddersfield,Wolverhampton,Newcastle,Fulham,6.6,2018,0,Y18W0
Eric,Dier,MID,TOT,5000000,0,85,2.236842105,4.47E-07,1.70E-05,0,0,4,30,0,0,0,0,0,0,0,0,0,85,0,0,0,0,2,0,15,0,2,1.9,0,0,0,0,0,2822,0,0,0,477,Newcastle,Fulham,Man Utd,Watford,Liverpool,118.6,2018,0,Y18W0
Issa,Diop,DEF,WHU,4500000,0,0,0,0,0,0,0,0,0,0,0,0,0,0,0,0,0,0,0,0,0,0,0,0,0,0,0,0,1.3,0,0,0,0,0,0,0,0,0,0,Liverpool,Bournemouth,Arsenal,Wolverhampton,Everton,0,2018,0,Y18W0
Matt,Doherty,DEF,WOL,4500000,0,0,0,0,0,0,0,0,0,0,0,0,0,0,0,0,0,0,0,0,0,0,0,0,0,0,0,0,1,0,0,0,0,0,0,0,0,0,0,Everton,Leicester,Man City,West Ham,Burnley,0,2018,0,Y18W0
Abdoulaye,Doucoure,MID,WAT,6000000,0,136,3.578947368,5.96E-07,2.27E-05,0,0,10,63,0,0,0,7,0,0,0,0,0,136,0,0,0,0,16,0,9,0,4,4.5,0,0,0,0,0,3324,0,0,0,679,Brighton,Burnley,Crystal Palace,Tottenham,Man Utd,199.7,2018,0,Y18W0
Barry,Douglas,DEF,WOL,5000000,0,0,0,0,0,0,0,0,0,0,0,0,0,0,0,0,0,0,0,0,0,0,0,0,0,0,0,0,1.6,0,0,0,0,0,0,0,0,0,0,Everton,Leicester,Man City,West Ham,Burnley,0,2018,0,Y18W0
Daniel,Drinkwater,MID,CHE,5000000,0,24,1.74E-27,3.47E-34,4.80E-06,0,0,0,7,0,0,0,1,0,0,0,0,0,24,0,0,0,0,1,0,1,0,0,0.2,0,0,0,0,0,520,0,0,0,117,Huddersfield,Arsenal,Newcastle,Bournemouth,Cardiff City,25.7,2018,0,Y18W0
Martin,Dubravka,GLK,NEW,5000000,0,53,3.83E-27,7.67E-34,1.06E-05,0,0,0,11,0,26,0,0,0,0,0,0,0,53,0,0,0,0,5,0,4,0,0,0.9,0,0,0,1,0,1080,0,0,0,215,Tottenham,Cardiff City,Chelsea,Man City,Arsenal,23.3,2018,0,Y18W0
Shane,Duffy,DEF,BHA,4500000,0,100,2.631578947,5.85E-07,2.22E-05,0,0,8,52,0,0,0,0,0,0,0,0,0,100,0,0,0,0,7,0,10,0,2,0.7,0,0,0,0,0,3292,0,0,0,614,Watford,Man Utd,Liverpool,Fulham,Southampton,148.9,2018,0,Y18W0
Paul,Dummett,DEF,NEW,4500000,0,52,3.76E-27,8.36E-34,1.16E-05,0,0,1,18,0,0,0,0,0,0,0,0,0,52,0,0,0,0,0,0,5,0,0,0.2,0,0,0,0,0,1602,0,0,0,280,Tottenham,Cardiff City,Chelsea,Man City,Arsenal,49,2018,0,Y18W0
Lewis,Dunk,DEF,BHA,4500000,0,97,2.552631579,5.67E-07,2.16E-05,0,0,7,54,0,0,0,1,0,0,0,0,0,97,0,0,0,0,7,0,10,0,1,3.9,0,4,0,0,0,3420,0,0,0,637,Watford,Man Utd,Liverpool,Fulham,Southampton,157.9,2018,0,Y18W0
Erik,Durm,DEF,HUD,4500000,0,0,0,0,0,0,0,0,0,0,0,0,0,0,0,0,0,0,0,0,0,0,0,0,0,0,0,0,0.4,0,0,0,0,0,0,0,0,0,0,Chelsea,Man City,Cardiff City,Everton,Crystal Palace,0,2018,0,Y18W0
Bruno,Ecuele Manga,DEF,CAR,4500000,0,0,0,0,0,0,0,0,0,0,0,0,0,0,0,0,0,0,0,0,0,0,0,0,0,0,0,0,0.2,0,0,0,0,0,0,0,0,0,0,Bournemouth,Newcastle,Huddersfield,Arsenal,Chelsea,0,2018,0,Y18W0
,Ederson,GLK,MCI,5500000,0,158,4.157894737,7.56E-07,2.87E-05,0,0,1,26,0,58,0,0,0,0,0,0,0,158,0,0,0,0,10,0,16,0,0,16.9,0,0,0,2,0,3195,0,0,0,666,Arsenal,Huddersfield,Wolverhampton,Newcastle,Fulham,55.6,2018,0,Y18W0
Robert,Elliot,GLK,NEW,4500000,0,57,1.5,3.33E-07,1.27E-05,0,0,0,21,0,44,0,0,0,0,0,0,0,57,0,0,0,0,4,0,3,0,0,0.5,0,0,0,1,0,1440,0,0,0,280,Tottenham,Cardiff City,Chelsea,Man City,Arsenal,36.5,2018,0,Y18W0
Mohamed,Elneny,MID,ARS,4500000,0,22,1.59E-27,3.54E-34,4.89E-06,0,0,3,12,0,0,0,0,0,0,0,0,0,22,0,0,0,0,0,0,3,0,1,3.2,0,0,0,0,0,865,0,0,1,156,Man City,Chelsea,West Ham,Cardiff City,Newcastle,42.5,2018,0,Y18W0
Mohamed,Elyounoussi,MID,SOU,6500000,0,0,0,0,0,0,0,0,0,0,0,0,0,0,0,0,0,0,0,0,0,0,0,0,0,0,0,0,0.7,0,0,0,0,0,0,0,0,0,0,Burnley,Everton,Leicester,Crystal Palace,Brighton,0,2018,0,Y18W0
,Emerson,DEF,CHE,5500000,0,14,1.01E-27,1.84E-34,2.55E-06,0,0,0,4,0,0,0,0,0,0,0,0,0,14,0,0,0,0,0,0,1,0,1,0.3,0,0,0,0,0,278,0,0,0,68,Huddersfield,Arsenal,Newcastle,Bournemouth,Cardiff City,13.8,2018,0,Y18W0
Bright,Enobakhare,MID,WOL,4500000,0,0,0,0,0,0,0,0,0,0,0,0,0,0,0,0,0,0,0,0,0,0,0,0,0,0,0,0,0.4,0,0,0,0,0,0,0,0,0,0,Everton,Leicester,Man City,West Ham,Burnley,0,2018,0,Y18W0
Christian,Eriksen,MID,TOT,9500000,0,199,5.236842105,5.51E-07,2.09E-05,0,0,0,33,0,0,0,11,0,0,0,0,0,199,0,0,0,0,23,0,17,0,10,17,0,0,0,0,0,3218,0,0,0,826,Newcastle,Fulham,Man Utd,Watford,Liverpool,358.2,2018,0,Y18W0
Neil,Etheridge,GLK,CAR,4500000,0,0,0,0,0,0,0,0,0,0,0,0,0,0,0,0,0,0,0,0,0,0,0,0,0,0,0,0,0.4,0,0,0,0,0,0,0,0,0,0,Bournemouth,Newcastle,Huddersfield,Arsenal,Chelsea,0,2018,0,Y18W0
Jonny,Evans,DEF,LEI,5000000,0,78,2.052631579,4.11E-07,1.56E-05,0,0,7,38,0,0,0,2,0,0,0,0,0,78,0,0,0,0,5,0,6,0,2,1.4,0,1,0,0,0,2269,0,0,0,455,Man Utd,Wolverhampton,Southampton,Liverpool,Bournemouth,85.1,2018,0,Y18W0
Lukasz,Fabianski,GLK,WHU,4500000,0,157,4.131578947,9.18E-07,3.49E-05,0,0,0,56,0,137,0,0,0,0,0,0,0,157,0,0,0,0,14,0,9,0,0,22.8,0,0,0,3,0,3420,0,0,0,772,Liverpool,Bournemouth,Arsenal,Wolverhampton,Everton,109.9,2018,0,Y18W0
,Fabinho,MID,LIV,6000000,0,0,0,0,0,0,0,0,0,0,0,0,0,0,0,0,0,0,0,0,0,0,0,0,0,0,0,0,1.9,0,0,0,0,0,0,0,0,0,0,West Ham,Crystal Palace,Brighton,Leicester,Tottenham,0,2018,0,Y18W0
Cesc,Fabregas,MID,CHE,6500000,0,89,2.342105263,3.60E-07,1.37E-05,0,0,4,26,0,0,0,2,0,0,0,0,0,89,0,0,0,0,7,0,11,0,4,1.6,0,0,0,0,0,2300,0,0,1,539,Huddersfield,Arsenal,Newcastle,Bournemouth,Cardiff City,254.9,2018,0,Y18W0
,Fabri,GLK,FUL,4500000,0,0,0,0,0,0,0,0,0,0,0,0,0,0,0,0,0,0,0,0,0,0,0,0,0,0,0,0,0.4,0,0,0,0,0,0,0,0,0,0,Crystal Palace,Tottenham,Burnley,Brighton,Man City,0,2018,0,Y18W0
,Felipe Anderson,MID,WHU,7000000,0,0,0,0,0,0,0,0,0,0,0,0,0,0,0,0,0,0,0,0,0,0,0,0,0,0,0,0,5.1,0,0,0,0,0,0,0,0,0,0,Liverpool,Bournemouth,Arsenal,Wolverhampton,Everton,0,2018,0,Y18W0
Marouane,Fellaini,MID,MUN,5000000,0,47,3.40E-27,6.80E-34,9.40E-06,0,0,1,1,0,0,0,4,0,0,0,0,0,47,0,0,0,0,3,0,4,0,0,0.9,0,0,0,0,0,611,0,0,0,171,Leicester,Brighton,Tottenham,Burnley,Watford,59.8,2018,0,Y18W0
Edimilson,Fernandes,MID,WHU,4500000,0,29,2.10E-27,4.66E-34,6.44E-06,0,0,1,20,0,0,0,0,0,0,0,0,0,29,0,0,0,0,0,0,2,0,2,0.4,0,0,0,0,0,840,0,0,0,123,Liverpool,Bournemouth,Arsenal,Wolverhampton,Everton,28.6,2018,0,Y18W0
,Fernandinho,MID,MCI,5500000,0,120,3.157894737,5.74E-07,2.18E-05,0,0,7,24,0,0,0,5,0,0,0,0,0,120,0,0,0,0,9,0,15,0,4,6,0,0,0,0,0,2880,0,0,0,596,Arsenal,Huddersfield,Wolverhampton,Newcastle,Fulham,172.4,2018,0,Y18W0
Roberto,Firmino,FWD,LIV,9500000,0,181,4.763157895,5.01E-07,1.91E-05,0,0,1,32,0,0,0,15,0,0,0,0,0,181,0,0,0,0,29,0,16,0,8,36.1,0,0,0,0,0,2760,0,0,0,758,West Ham,Crystal Palace,Brighton,Leicester,Tottenham,312.7,2018,0,Y18W0
Phil,Foden,MID,MCI,5000000,0,8,2.89E-27,5.79E-34,1.60E-06,0,0,0,1,0,0,0,0,0,0,0,0,0,8,0,0,0,0,0,0,0,0,1,0.1,0,0,0,0,0,45,0,0,0,31,Arsenal,Huddersfield,Wolverhampton,Newcastle,Fulham,7.1,2018,0,Y18W0
,Fonte,MID,FUL,4500000,0,0,0,0,0,0,0,0,0,0,0,0,0,0,0,0,0,0,0,0,0,0,0,0,0,0,0,0,0.5,0,0,0,0,0,0,0,0,0,0,Crystal Palace,Tottenham,Burnley,Brighton,Man City,0,2018,0,Y18W0
Fraser,Forster,GLK,SOU,4500000,0,73,1.921052632,4.27E-07,1.62E-05,0,0,0,30,0,69,0,0,0,0,0,0,0,73,0,0,0,0,6,0,4,0,0,1.5,0,0,0,1,0,1800,0,0,0,351,Burnley,Everton,Leicester,Crystal Palace,Brighton,48.9,2018,0,Y18W0
Ben,Foster,GLK,WAT,4500000,0,123,3.236842105,7.19E-07,2.73E-05,0,0,2,55,0,99,0,0,0,0,0,0,0,123,0,0,0,0,11,0,10,0,0,4,0,0,0,0,0,3330,0,0,0,635,Brighton,Burnley,Crystal Palace,Tottenham,Man Utd,73.8,2018,0,Y18W0
Simon,Francis,DEF,BOU,4500000,0,56,1.473684211,3.27E-07,1.24E-05,0,0,8,47,0,0,0,0,0,0,0,0,0,56,0,0,0,0,3,0,4,0,1,0.5,0,0,0,0,0,2708,0,0,1,491,Cardiff City,West Ham,Everton,Chelsea,Leicester,131,2018,0,Y18W0
Ryan,Fraser,MID,BOU,5500000,0,97,2.552631579,4.64E-07,1.76E-05,0,0,0,38,0,0,0,5,0,0,0,0,0,97,0,0,0,0,13,0,2,0,3,0.8,0,0,0,0,0,2003,0,0,0,390,Cardiff City,West Ham,Everton,Chelsea,Leicester,155,2018,0,Y18W0
,Fred,MID,MUN,6000000,0,0,0,0,0,0,0,0,0,0,0,0,0,0,0,0,0,0,0,0,0,0,0,0,0,0,0,0,3.5,0,0,0,0,0,0,0,0,0,0,Leicester,Brighton,Tottenham,Burnley,Watford,0,2018,0,Y18W0
Ryan,Fredericks,DEF,WHU,5000000,0,0,0,0,0,0,0,0,0,0,0,0,0,0,0,0,0,0,0,0,0,0,0,0,0,0,0,0,0.8,0,0,0,0,0,0,0,0,0,0,Liverpool,Bournemouth,Arsenal,Wolverhampton,Everton,0,2018,0,Y18W0
Christian,Fuchs,DEF,LEI,4500000,0,57,4.12E-27,9.16E-34,1.27E-05,0,0,1,35,0,0,0,0,0,0,0,0,0,57,0,0,0,0,8,0,4,0,1,0.8,0,1,0,0,0,1917,0,0,0,370,Man Utd,Wolverhampton,Southampton,Liverpool,Bournemouth,73.5,2018,0,Y18W0
Manolo,Gabbiadini,FWD,SOU,6000000,0,66,1.736842105,2.89E-07,1.10E-05,0,0,2,17,0,0,0,5,0,0,0,0,0,66,0,0,0,0,10,0,4,0,0,0.4,0,0,0,0,0,1067,0,0,0,204,Burnley,Everton,Leicester,Crystal Palace,Brighton,58.6,2018,0,Y18W0
Dwight,Gayle,FWD,NEW,6000000,0,94,2.473684211,4.12E-07,1.57E-05,0,0,3,31,0,0,0,6,0,0,0,0,0,94,0,0,0,0,8,0,6,0,3,0.8,0,0,0,0,0,1946,0,0,0,276,Tottenham,Cardiff City,Chelsea,Man City,Arsenal,148.7,2018,0,Y18W0
Morgan,Gibbs-White,MID,WOL,4500000,0,0,0,0,0,0,0,0,0,0,0,0,0,0,0,0,0,0,0,0,0,0,0,0,0,0,0,0,0.5,0,0,0,0,0,0,0,0,0,0,Everton,Leicester,Man City,West Ham,Burnley,0,2018,0,Y18W0
Olivier,Giroud,FWD,CHE,8000000,0,77,2.026315789,2.53E-07,9.63E-06,0,0,0,11,0,0,0,7,0,0,0,0,0,77,0,0,0,0,10,0,5,0,1,6.9,0,0,0,0,0,981,0,0,0,273,Huddersfield,Arsenal,Newcastle,Bournemouth,Cardiff City,129,2018,0,Y18W0
Heurelho,Gomes,GLK,WAT,4500000,0,64,4.63E-27,1.03E-33,1.42E-05,0,0,0,40,0,61,0,0,0,0,0,0,0,64,0,0,0,0,4,0,5,0,0,0.5,0,0,0,0,0,2128,0,0,0,394,Brighton,Burnley,Crystal Palace,Tottenham,Man Utd,45.6,2018,0,Y18W0
Joseph,Gomez,DEF,LIV,5000000,0,86,6.22E-27,1.24E-33,1.72E-05,0,0,3,22,0,0,0,0,0,0,0,0,0,86,0,0,0,0,9,0,9,0,2,0.4,0,0,0,0,0,1901,0,0,0,480,West Ham,Crystal Palace,Brighton,Leicester,Tottenham,76.9,2018,0,Y18W0
Dan,Gosling,MID,BOU,5000000,0,59,1.552631579,3.11E-07,1.18E-05,0,0,8,41,0,0,0,2,0,0,0,0,0,59,0,0,0,0,4,0,1,0,1,0.1,0,0,0,0,0,1941,0,0,0,254,Cardiff City,West Ham,Everton,Chelsea,Leicester,93.3,2018,0,Y18W0
Andre,Gray,FWD,WAT,6000000,0,79,2.078947368,3.46E-07,1.32E-05,0,0,1,30,0,0,0,5,0,0,0,0,0,79,0,0,0,0,4,0,5,0,3,0.7,0,0,0,0,0,1486,0,0,0,237,Brighton,Burnley,Crystal Palace,Tottenham,Man Utd,108.2,2018,0,Y18W0
Demarai,Gray,MID,LEI,5500000,0,80,2.105263158,3.83E-07,1.45E-05,0,0,2,35,0,0,0,3,0,0,0,0,0,80,0,0,0,0,2,0,4,0,3,1.1,0,0,0,0,0,1683,0,0,0,308,Man Utd,Wolverhampton,Southampton,Liverpool,Bournemouth,116.7,2018,0,Y18W0
Pascal,Gro?,MID,BHA,7000000,0,164,4.315789474,6.17E-07,2.34E-05,0,0,2,46,0,0,0,7,0,0,0,0,0,164,0,0,0,0,24,0,10,0,8,10.5,0,0,0,0,0,2928,0,0,0,635,Watford,Man Utd,Liverpool,Fulham,Southampton,257.6,2018,0,Y18W0
Vicente,Guaita,GLK,CRY,4500000,0,0,0,0,0,0,0,0,0,0,0,0,0,0,0,0,0,0,0,0,0,0,0,0,0,0,0,0,0.3,0,0,0,0,0,0,0,0,0,0,Fulham,Liverpool,Watford,Southampton,Huddersfield,0,2018,0,Y18W0
Johann Berg,Gudmundsson,MID,BUR,6000000,0,117,3.078947368,5.13E-07,1.95E-05,0,0,2,33,0,0,0,2,0,0,0,0,0,117,0,0,0,0,7,0,10,0,9,2.6,0,0,0,0,0,2831,0,0,0,467,Southampton,Watford,Fulham,Man Utd,Wolverhampton,219.2,2018,0,Y18W0
Matteo,Guendouzi,MID,ARS,4500000,0,0,0,0,0,0,0,0,0,0,0,0,0,0,0,0,0,0,0,0,0,0,0,0,0,0,0,0,0.7,0,0,0,0,0,0,0,0,0,0,Man City,Chelsea,West Ham,Cardiff City,Newcastle,0,2018,0,Y18W0
Idrissa,Gueye,MID,EVE,5000000,0,87,2.289473684,4.58E-07,1.74E-05,0,0,6,45,0,0,0,2,0,0,0,0,0,87,0,0,0,0,7,0,9,0,2,0.6,0,0,0,0,0,2749,0,0,1,552,Wolverhampton,Southampton,Bournemouth,Huddersfield,West Ham,104.6,2018,0,Y18W0
Ilkay,Gundogan,MID,MCI,5500000,0,82,5.93E-27,1.08E-33,1.49E-05,0,0,3,15,0,0,0,4,0,0,0,0,0,82,0,0,0,0,9,0,6,0,2,1.5,0,0,0,0,0,1504,0,0,0,376,Arsenal,Huddersfield,Wolverhampton,Newcastle,Fulham,119.3,2018,0,Y18W0
Angus,Gunn,GLK,SOU,4500000,0,0,0,0,0,0,0,0,0,0,0,0,0,0,0,0,0,0,0,0,0,0,0,0,0,0,0,0,0.4,0,0,0,0,0,0,0,0,0,0,Burnley,Everton,Leicester,Crystal Palace,Brighton,0,2018,0,Y18W0
Aron,Gunnarsson,MID,CAR,4500000,0,0,0,0,0,0,0,0,0,0,0,0,0,0,0,0,0,0,0,0,0,0,0,0,0,0,0,0,1.8,0,0,0,0,0,0,0,0,0,0,Bournemouth,Newcastle,Huddersfield,Arsenal,Chelsea,0,2018,0,Y18W0
Florent,Hadergjonaj,DEF,HUD,4500000,0,51,1.342105263,2.98E-07,1.13E-05,0,0,3,28,0,0,0,0,0,0,0,0,0,51,0,0,0,0,5,0,4,0,1,0.1,0,0,0,0,0,1670,0,0,0,274,Chelsea,Man City,Cardiff City,Everton,Crystal Palace,78.8,2018,0,Y18W0
Greg,Halford,DEF,CAR,4000000,0,0,0,0,0,0,0,0,0,0,0,0,0,0,0,0,0,0,0,0,0,0,0,0,0,0,0,0,0,0,0,0,0,0,0,0,0,0,0,Bournemouth,Newcastle,Huddersfield,Arsenal,Chelsea,0,2018,0,Y18W0
Ben,Hamer,GLK,HUD,4000000,0,9,6.51E-28,1.63E-34,2.25E-06,0,0,0,7,0,6,0,0,0,0,0,0,0,9,0,0,0,0,0,0,1,0,0,2.1,0,0,0,0,0,274,0,0,0,54,Chelsea,Man City,Cardiff City,Everton,Crystal Palace,5.1,2018,0,Y18W0
Isaac,Hayden,MID,NEW,4500000,0,41,2.97E-27,6.59E-34,9.11E-06,0,0,7,25,0,0,0,1,0,0,0,0,0,41,0,0,0,0,0,0,3,0,0,0.2,0,0,0,0,0,1365,0,0,0,171,Tottenham,Cardiff City,Chelsea,Man City,Arsenal,58.2,2018,0,Y18W0
Eden,Hazard,MID,CHE,10500000,0,173,4.552631579,4.34E-07,1.65E-05,0,0,2,27,0,0,0,12,0,0,0,0,0,173,0,0,0,0,24,0,12,0,6,9.8,0,0,0,0,0,2417,0,0,0,699,Huddersfield,Arsenal,Newcastle,Bournemouth,Cardiff City,317.3,2018,0,Y18W0
Tom,Heaton,GLK,BUR,5000000,0,8,2.89E-27,5.79E-34,1.60E-06,0,0,0,4,0,8,0,0,0,0,0,0,0,8,0,0,0,0,0,0,0,0,0,0.5,0,0,0,0,0,305,0,0,0,48,Southampton,Watford,Fulham,Man Utd,Wolverhampton,5.3,2018,0,Y18W0
Tomer,Hemed,FWD,BHA,5000000,0,43,1.131578947,2.26E-07,8.60E-06,0,0,0,8,0,0,0,2,0,0,0,0,0,43,0,0,0,0,5,0,3,0,2,0.3,0,0,0,0,0,842,0,0,0,110,Watford,Man Utd,Liverpool,Fulham,Southampton,44.2,2018,0,Y18W0
Jordan,Henderson,MID,LIV,5500000,0,75,5.43E-27,9.86E-34,1.36E-05,0,0,1,21,0,0,0,1,0,0,0,0,0,75,0,0,0,0,3,0,14,0,1,1.2,0,0,0,0,0,2169,0,0,0,382,West Ham,Crystal Palace,Brighton,Leicester,Tottenham,97.8,2018,0,Y18W0
Jeff,Hendrick,MID,BUR,5500000,0,85,2.236842105,4.07E-07,1.55E-05,0,0,1,28,0,0,0,2,0,0,0,0,0,85,0,0,0,0,1,0,9,0,2,0.2,0,0,0,0,0,2326,0,0,0,307,Southampton,Watford,Fulham,Man Utd,Wolverhampton,100.9,2018,0,Y18W0
Wayne,Hennessey,GLK,CRY,4500000,0,99,2.605263158,5.79E-07,2.20E-05,0,0,1,41,0,91,0,0,0,0,0,0,0,99,0,0,0,0,11,0,7,0,0,1.3,0,0,0,0,0,2430,0,0,0,506,Fulham,Liverpool,Watford,Southampton,Huddersfield,61.4,2018,0,Y18W0
Ander,Herrera,MID,MUN,5000000,0,44,3.18E-27,6.37E-34,8.80E-06,0,0,5,14,0,0,0,0,0,0,0,0,0,44,0,0,0,0,0,0,5,0,2,0.4,0,0,0,0,0,1257,0,0,0,229,Leicester,Brighton,Tottenham,Burnley,Watford,62.7,2018,0,Y18W0
Wesley,Hoedt,DEF,SOU,4500000,0,74,1.947368421,4.33E-07,1.64E-05,0,0,7,42,0,0,0,0,0,0,0,0,0,74,0,0,0,0,11,0,5,0,2,0.3,0,0,0,0,0,2520,0,0,0,532,Burnley,Everton,Leicester,Crystal Palace,Brighton,93.8,2018,0,Y18W0
Jonathan,Hogg,MID,HUD,4500000,0,53,1.394736842,3.10E-07,1.18E-05,0,0,8,40,0,0,0,0,0,0,0,0,0,53,0,0,0,0,0,0,7,0,0,0.3,0,0,0,0,0,2396,0,0,1,400,Chelsea,Man City,Cardiff City,Everton,Crystal Palace,71.2,2018,0,Y18W0
David Junior,Hoilett,MID,CAR,5500000,0,0,0,0,0,0,0,0,0,0,0,0,0,0,0,0,0,0,0,0,0,0,0,0,0,0,0,0,0.7,0,0,0,0,0,0,0,0,0,0,Bournemouth,Newcastle,Huddersfield,Arsenal,Chelsea,0,2018,0,Y18W0
Pierre-Emile,H?jbjerg,MID,SOU,4500000,0,39,2.82E-27,6.27E-34,8.67E-06,0,0,6,30,0,0,0,0,0,0,0,0,0,39,0,0,0,0,0,0,3,0,0,0.5,0,0,0,0,0,1666,0,0,0,261,Burnley,Everton,Leicester,Crystal Palace,Brighton,67.6,2018,0,Y18W0
Rob,Holding,DEF,ARS,4500000,0,27,1.95E-27,4.34E-34,6.00E-06,0,0,3,17,0,0,0,0,0,0,0,0,0,27,0,0,0,0,1,0,3,0,1,0.7,0,0,0,0,0,819,0,0,0,196,Man City,Chelsea,West Ham,Cardiff City,Newcastle,27.5,2018,0,Y18W0
Jose,Holebas,DEF,WAT,4500000,0,72,1.894736842,4.21E-07,1.60E-05,0,0,7,47,0,0,0,0,0,0,0,0,0,72,0,0,0,0,6,0,6,0,4,1.2,0,0,0,0,0,2381,0,0,0,412,Brighton,Burnley,Crystal Palace,Tottenham,Man Utd,127,2018,0,Y18W0
Mason,Holgate,DEF,EVE,4500000,0,37,2.68E-27,5.95E-34,8.22E-06,0,0,3,14,0,0,0,0,0,0,0,0,0,37,0,0,0,0,0,0,4,0,0,0.4,0,0,0,0,0,1183,0,0,0,214,Wolverhampton,Southampton,Bournemouth,Huddersfield,West Ham,48.5,2018,0,Y18W0
Callum,Hudson-Odoi,MID,CHE,4500000,0,2,1.45E-28,3.21E-35,4.44E-07,0,0,0,1,0,0,0,0,0,0,0,0,0,2,0,0,0,0,0,0,0,0,0,0.3,0,0,0,0,0,27,0,0,0,11,Huddersfield,Arsenal,Newcastle,Bournemouth,Cardiff City,3.8,2018,0,Y18W0
Will,Hughes,MID,WAT,5000000,0,53,3.83E-27,7.67E-34,1.06E-05,0,0,0,16,0,0,0,2,0,0,0,0,0,53,0,0,0,0,5,0,4,0,3,0.4,0,0,0,0,0,987,0,0,0,190,Brighton,Burnley,Crystal Palace,Tottenham,Man Utd,64.3,2018,0,Y18W0
Jordan,Hugill,FWD,WHU,5000000,0,3,2.17E-28,4.34E-35,6.00E-07,0,0,0,0,0,0,0,0,0,0,0,0,0,3,0,0,0,0,0,0,0,0,0,0.1,0,0,0,0,0,22,0,0,0,4,Liverpool,Bournemouth,Arsenal,Wolverhampton,Everton,0,2018,0,Y18W0
Emerson,Hyndman,MID,BOU,4500000,0,1,7.23E-29,1.61E-35,2.22E-07,0,0,0,1,0,0,0,0,0,0,0,0,0,1,0,0,0,0,0,0,0,0,0,0.2,0,0,0,0,0,58,0,0,0,6,Cardiff City,West Ham,Everton,Chelsea,Leicester,1.8,2018,0,Y18W0
Jordon,Ibe,MID,BOU,5500000,0,85,2.236842105,4.07E-07,1.55E-05,0,0,1,33,0,0,0,2,0,0,0,0,0,85,0,0,0,0,5,0,4,0,6,0.6,0,0,0,0,0,1988,0,0,0,289,Cardiff City,West Ham,Everton,Chelsea,Leicester,157.3,2018,0,Y18W0
Vicente,Iborra,MID,LEI,5000000,0,58,1.526315789,3.05E-07,1.16E-05,0,0,0,23,0,0,0,3,0,0,0,0,0,58,0,0,0,0,6,0,3,0,0,0.1,0,0,0,0,0,1411,0,0,0,293,Man Utd,Wolverhampton,Southampton,Liverpool,Bournemouth,62.3,2018,0,Y18W0
Kelechi,Iheanacho,FWD,LEI,6000000,0,54,3.91E-27,6.51E-34,9.00E-06,0,0,2,17,0,0,0,3,0,0,0,0,0,54,0,0,0,0,5,0,1,0,4,0.7,0,0,0,0,0,818,0,0,0,171,Man Utd,Wolverhampton,Southampton,Liverpool,Bournemouth,74.5,2018,0,Y18W0
Tom,Ince,MID,HUD,5000000,0,82,2.157894737,4.32E-07,1.64E-05,0,0,0,39,0,0,0,2,0,0,0,0,0,82,0,0,0,0,3,0,7,0,1,0.1,0,0,0,0,0,2450,0,0,0,269,Chelsea,Man City,Cardiff City,Everton,Crystal Palace,138,2018,0,Y18W0
Danny,Ings,FWD,LIV,5500000,0,18,1.30E-27,2.37E-34,3.27E-06,0,0,0,0,0,0,0,1,0,0,0,0,0,18,0,0,0,0,0,0,3,0,1,0.2,0,0,0,0,0,262,0,0,0,53,West Ham,Crystal Palace,Brighton,Leicester,Tottenham,24,2018,0,Y18W0
Alex,Iwobi,MID,ARS,5500000,0,89,2.342105263,4.26E-07,1.62E-05,0,0,1,26,0,0,0,3,0,0,0,0,0,89,0,0,0,0,2,0,9,0,5,0.7,0,0,0,0,0,1827,0,0,0,426,Man City,Chelsea,West Ham,Cardiff City,Newcastle,165.6,2018,0,Y18W0
,Izquierdo,MID,BHA,6000000,0,101,7.31E-27,1.22E-33,1.68E-05,0,0,2,32,0,0,0,5,0,0,0,0,0,101,0,0,0,0,4,0,5,0,5,0.7,0,0,0,0,0,1976,0,0,0,324,Watford,Man Utd,Liverpool,Fulham,Southampton,131.3,2018,0,Y18W0
Jaroslaw,Jach,DEF,CRY,4000000,0,0,0,0,0,0,0,0,0,0,0,0,0,0,0,0,0,0,0,0,0,0,0,0,0,0,0,0,0.3,0,0,0,0,0,0,0,0,0,0,Fulham,Liverpool,Watford,Southampton,Huddersfield,0,2018,0,Y18W0
Phil,Jagielka,DEF,EVE,4500000,0,60,1.578947368,3.51E-07,1.33E-05,0,0,2,39,0,0,0,0,0,0,0,0,0,60,0,0,0,0,5,0,6,0,0,1.9,0,0,0,0,0,2063,0,0,0,415,Wolverhampton,Southampton,Bournemouth,Huddersfield,West Ham,66.2,2018,0,Y18W0
Alireza,Jahanbakhsh,MID,BHA,7000000,0,0,0,0,0,0,0,0,0,0,0,0,0,0,0,0,0,0,0,0,0,0,0,0,0,0,0,0,1.4,0,0,0,0,0,0,0,0,0,0,Watford,Man Utd,Liverpool,Fulham,Southampton,0,2018,0,Y18W0
Eldin,Jakupovic,GLK,LEI,4500000,0,4,2.89E-28,6.43E-35,8.89E-07,0,0,0,6,0,8,0,0,0,0,0,0,0,4,0,0,0,0,0,0,0,0,0,0.2,0,0,0,0,0,180,0,0,0,36,Man Utd,Wolverhampton,Southampton,Liverpool,Bournemouth,6.8,2018,0,Y18W0
Matty,James,MID,LEI,4500000,0,26,2.35E-25,5.22E-32,5.78E-06,0,0,2,15,0,0,0,0,0,0,0,0,0,26,0,0,0,0,0,0,4,0,0,0,0,0,0,0,0,991,0,0,0,121,Man Utd,Wolverhampton,Southampton,Liverpool,Bournemouth,31.4,2018,0,Y18W0
Daryl,Janmaat,DEF,WAT,5000000,0,59,1.552631579,3.11E-07,1.18E-05,0,0,3,37,0,0,0,3,0,0,0,0,0,59,0,0,0,0,3,0,2,0,1,0.4,0,0,0,0,0,1818,0,0,0,342,Brighton,Burnley,Crystal Palace,Tottenham,Man Utd,92.9,2018,0,Y18W0
,Jazz Richards,DEF,CAR,4000000,0,0,0,0,0,0,0,0,0,0,0,0,0,0,0,0,0,0,0,0,0,0,0,0,0,0,0,0,0.9,0,0,0,0,0,0,0,0,0,0,Bournemouth,Newcastle,Huddersfield,Arsenal,Chelsea,0,2018,0,Y18W0
,Jesus,FWD,MCI,10500000,0,126,3.315789474,3.16E-07,1.20E-05,0,0,6,12,0,0,0,13,0,0,0,0,0,126,0,0,2,0,18,0,9,0,7,3.2,0,0,0,0,0,1660,0,0,0,473,Arsenal,Huddersfield,Wolverhampton,Newcastle,Fulham,204.9,2018,0,Y18W0
Raul,Jimenez,FWD,WOL,5500000,0,0,0,0,0,0,0,0,0,0,0,0,0,0,0,0,0,0,0,0,0,0,0,0,0,0,0,0,3.3,0,0,0,0,0,0,0,0,0,0,Everton,Leicester,Man City,West Ham,Burnley,0,2018,0,Y18W0
Stefan,Johansen,MID,FUL,5500000,0,0,0,0,0,0,0,0,0,0,0,0,0,0,0,0,0,0,0,0,0,0,0,0,0,0,0,0,0.3,0,0,0,0,0,0,0,0,0,0,Crystal Palace,Tottenham,Burnley,Brighton,Man City,0,2018,0,Y18W0
Phil,Jones,DEF,MUN,5500000,0,116,3.052631579,5.55E-07,2.11E-05,0,0,2,11,0,0,0,0,0,0,0,0,0,116,0,0,0,0,19,0,15,0,0,3.3,0,1,0,0,0,1973,0,0,0,554,Leicester,Brighton,Tottenham,Burnley,Watford,53.6,2018,0,Y18W0
,Jonny,DEF,WOL,4500000,0,0,0,0,0,0,0,0,0,0,0,0,0,0,0,0,0,0,0,0,0,0,0,0,0,0,0,0,0,0,0,0,0,0,0,0,0,0,0,Everton,Leicester,Man City,West Ham,Burnley,0,2018,0,Y18W0
,Jorginho,MID,CHE,5000000,0,0,0,0,0,0,0,0,0,0,0,0,0,0,0,0,0,0,0,0,0,0,0,0,0,0,0,0,7.4,0,0,0,0,0,0,0,0,0,0,Huddersfield,Arsenal,Newcastle,Bournemouth,Cardiff City,0,2018,0,Y18W0
,Joselu,FWD,NEW,5000000,0,69,4.99E-27,9.98E-34,1.38E-05,0,0,2,25,0,0,0,4,0,0,0,0,0,69,0,0,1,0,5,0,5,0,1,2.2,0,0,0,0,0,1703,0,0,0,227,Tottenham,Cardiff City,Chelsea,Man City,Arsenal,106.5,2018,0,Y18W0
Diogo,Jota,MID,WOL,6500000,0,0,0,0,0,0,0,0,0,0,0,0,0,0,0,0,0,0,0,0,0,0,0,0,0,0,0,0,6.9,0,0,0,0,0,0,0,0,0,0,Everton,Leicester,Man City,West Ham,Burnley,0,2018,0,Y18W0
Christian,Kabasele,DEF,WAT,4500000,0,68,1.789473684,3.98E-07,1.51E-05,0,0,5,43,0,0,0,2,0,0,0,0,0,68,0,0,0,0,2,0,6,0,0,0.5,0,1,0,0,0,2329,0,0,0,407,Brighton,Burnley,Crystal Palace,Tottenham,Man Utd,83.7,2018,0,Y18W0
Younes,Kaboul,DEF,WAT,4500000,0,7,5.06E-28,1.13E-34,1.56E-06,0,0,0,3,0,0,0,0,0,0,0,0,0,7,0,0,0,0,0,0,1,0,0,0.2,0,0,0,0,0,151,0,0,0,35,Brighton,Burnley,Crystal Palace,Tottenham,Man Utd,5,2018,0,Y18W0
Elias,Kachunga,FWD,HUD,5000000,0,46,3.33E-27,6.65E-34,9.20E-06,0,0,1,23,0,0,0,1,0,0,0,0,0,46,0,0,0,0,0,0,6,0,1,0.1,0,0,0,0,0,1327,0,0,0,151,Chelsea,Man City,Cardiff City,Everton,Crystal Palace,54.5,2018,0,Y18W0
Sullay,Kaikai,MID,CRY,4500000,0,1,7.23E-29,1.61E-35,2.22E-07,0,0,0,0,0,0,0,0,0,0,0,0,0,1,0,0,0,0,0,0,0,0,0,0.1,0,0,0,0,0,13,0,0,0,5,Fulham,Liverpool,Watford,Southampton,Huddersfield,0.6,2018,0,Y18W0
Aboubakar,Kamara,FWD,FUL,4500000,0,0,0,0,0,0,0,0,0,0,0,0,0,0,0,0,0,0,0,0,0,0,0,0,0,0,0,0,10.5,0,0,0,0,0,0,0,0,0,0,Crystal Palace,Tottenham,Burnley,Brighton,Man City,0,2018,0,Y18W0
Harry,Kane,FWD,TOT,12500000,0,217,5.710526316,4.57E-07,1.74E-05,0,0,5,34,0,0,0,29,0,0,0,0,0,217,0,0,1,0,31,0,15,0,2,33.7,0,0,0,0,0,3074,0,0,0,781,Newcastle,Fulham,Man Utd,Watford,Liverpool,407.4,2018,0,Y18W0
N'Golo,Kante,MID,CHE,5000000,0,101,2.657894737,5.32E-07,2.02E-05,0,0,3,32,0,0,0,1,0,0,0,0,0,101,0,0,0,0,9,0,16,0,2,15.5,0,0,0,0,0,2994,0,0,0,655,Huddersfield,Arsenal,Newcastle,Bournemouth,Cardiff City,151.7,2018,0,Y18W0
Loris,Karius,GLK,LIV,5000000,0,88,3.18E-26,6.37E-33,1.76E-05,0,0,1,14,0,31,0,0,0,0,0,0,0,88,0,0,0,0,5,0,10,0,0,0.3,0,0,0,1,0,1710,0,0,0,382,West Ham,Crystal Palace,Brighton,Leicester,Tottenham,27.9,2018,0,Y18W0
Beram,Kayal,MID,BHA,4500000,0,25,1.81E-27,4.02E-34,5.56E-06,0,0,2,14,0,0,0,0,0,0,0,0,0,25,0,0,0,0,0,0,1,0,0,0.1,0,0,0,0,0,735,0,0,0,115,Watford,Man Utd,Liverpool,Fulham,Southampton,29.6,2018,0,Y18W0
Michael,Keane,DEF,EVE,5000000,0,81,2.131578947,4.26E-07,1.62E-05,0,0,3,46,0,0,0,0,0,0,0,0,0,81,0,0,0,0,11,0,7,0,1,2.1,0,0,0,0,0,2559,0,0,0,513,Wolverhampton,Southampton,Bournemouth,Huddersfield,West Ham,88.7,2018,0,Y18W0
Neeskens,Kebano,MID,FUL,4500000,0,0,0,0,0,0,0,0,0,0,0,0,0,0,0,0,0,0,0,0,0,0,0,0,0,0,0,0,0.1,0,0,0,0,0,0,0,0,0,0,Crystal Palace,Tottenham,Burnley,Brighton,Man City,0,2018,0,Y18W0
Naby,Keita,MID,LIV,7500000,0,0,0,0,0,0,0,0,0,0,0,0,0,0,0,0,0,0,0,0,0,0,0,0,0,0,0,0,6.5,0,0,0,0,0,0,0,0,0,0,West Ham,Crystal Palace,Brighton,Leicester,Tottenham,0,2018,0,Y18W0
Martin,Kelly,DEF,CRY,4000000,0,34,2.46E-27,6.15E-34,8.50E-06,0,0,1,21,0,0,0,0,0,0,0,0,0,34,0,0,0,0,1,0,4,0,0,6.3,0,1,0,0,0,1193,0,0,0,185,Fulham,Liverpool,Watford,Southampton,Huddersfield,33.3,2018,0,Y18W0
,Kenedy,MID,NEW,5000000,0,51,3.69E-27,7.38E-34,1.02E-05,0,0,1,9,0,0,0,2,0,0,0,0,0,51,0,0,0,0,5,0,6,0,2,3.3,0,0,0,0,0,1023,0,0,0,171,Tottenham,Cardiff City,Chelsea,Man City,Arsenal,71.4,2018,0,Y18W0
Jonjoe,Kenny,DEF,EVE,4500000,0,50,3.62E-27,8.04E-34,1.11E-05,0,0,2,31,0,0,0,0,0,0,0,0,0,50,0,0,0,0,2,0,5,0,2,0.3,0,0,0,0,0,1589,0,0,0,309,Wolverhampton,Southampton,Bournemouth,Huddersfield,West Ham,59.5,2018,0,Y18W0
,Ki Sung-yueng,MID,NEW,5000000,0,73,1.921052632,3.84E-07,1.46E-05,0,0,2,29,0,0,0,2,0,0,0,0,0,73,0,0,0,0,9,0,5,0,2,0.3,0,0,0,0,0,1865,0,0,0,340,Tottenham,Cardiff City,Chelsea,Man City,Arsenal,79.7,2018,0,Y18W0
,Kiko Femenia,DEF,WAT,4500000,0,65,4.70E-27,1.04E-33,1.44E-05,0,0,2,34,0,0,0,1,0,0,0,0,0,65,0,0,0,0,9,0,5,0,1,0.8,0,0,0,0,0,1709,0,0,0,389,Brighton,Burnley,Crystal Palace,Tottenham,Man Utd,74.5,2018,0,Y18W0
Joshua,King,FWD,BOU,6500000,0,110,2.894736842,4.45E-07,1.69E-05,0,0,3,38,0,0,0,8,0,0,0,0,0,110,0,0,0,0,10,0,7,0,4,4.4,0,0,0,0,0,2450,0,0,0,381,Cardiff City,West Ham,Everton,Chelsea,Leicester,203.7,2018,0,Y18W0
Davy,Klaassen,MID,EVE,6000000,0,7,0.184210526,3.07E-08,1.17E-06,0,0,0,6,0,0,0,0,0,0,0,0,0,7,0,0,0,0,0,0,0,0,0,0.1,0,0,0,0,0,248,0,0,0,18,Wolverhampton,Southampton,Bournemouth,Huddersfield,West Ham,8.3,2018,0,Y18W0
Ragnar,Klavan,DEF,LIV,4500000,0,78,5.64E-27,1.25E-33,1.73E-05,0,0,0,15,0,0,0,1,0,0,0,0,0,78,0,0,0,0,9,0,8,0,0,0.4,0,0,0,0,0,1449,0,0,0,384,West Ham,Crystal Palace,Brighton,Leicester,Tottenham,46.6,2018,0,Y18W0
Anthony,Knockaert,MID,BHA,5500000,0,88,2.315789474,4.21E-07,1.60E-05,0,0,4,29,0,0,0,3,0,0,0,0,0,88,0,0,0,0,6,0,11,0,1,0.5,0,0,0,0,0,2415,0,0,1,383,Watford,Man Utd,Liverpool,Fulham,Southampton,149.1,2018,0,Y18W0
Sead,Kolasinac,DEF,ARS,5000000,0,108,7.81E-27,1.56E-33,2.16E-05,0,0,3,30,0,0,0,2,0,0,0,0,0,108,0,0,0,0,6,0,10,0,4,4.9,0,0,0,0,0,2146,0,0,0,510,Man City,Chelsea,West Ham,Cardiff City,Newcastle,118.3,2018,0,Y18W0
Vincent,Kompany,DEF,MCI,5500000,0,60,1.578947368,2.87E-07,1.09E-05,0,0,6,11,0,0,0,1,0,0,0,0,0,60,0,0,0,0,2,0,6,0,1,2,0,0,0,0,0,1394,0,0,0,326,Arsenal,Huddersfield,Wolverhampton,Newcastle,Fulham,59.2,2018,0,Y18W0
Terence,Kongolo,DEF,HUD,4500000,0,30,2.17E-27,4.82E-34,6.67E-06,0,0,0,14,0,0,0,0,0,0,0,0,0,30,0,0,0,0,2,0,2,0,0,0.3,0,0,0,0,0,1047,0,0,0,182,Chelsea,Man City,Cardiff City,Everton,Crystal Palace,36.7,2018,0,Y18W0
Laurent,Koscielny,DEF,ARS,5500000,0,100,2.631578947,4.78E-07,1.82E-05,0,0,4,32,0,0,0,2,0,0,0,0,0,100,0,0,0,0,16,0,9,0,0,0.2,0,0,0,0,0,2225,0,0,0,556,Man City,Chelsea,West Ham,Cardiff City,Newcastle,95.5,2018,0,Y18W0
Cheikhou,Kouyate,MID,WHU,5000000,0,86,2.263157895,4.53E-07,1.72E-05,0,0,5,56,0,0,0,2,0,0,0,0,0,86,0,0,0,0,2,0,7,0,3,0.4,0,0,0,0,0,2798,0,0,0,367,Liverpool,Bournemouth,Arsenal,Wolverhampton,Everton,106.1,2018,0,Y18W0
Alexandre,Lacazette,FWD,ARS,9500000,0,138,3.631578947,3.82E-07,1.45E-05,0,0,1,28,0,0,0,14,0,0,0,0,0,138,0,0,0,0,11,0,10,0,5,4,0,0,0,0,0,2197,0,0,0,543,Man City,Chelsea,West Ham,Cardiff City,Newcastle,258,2018,0,Y18W0
Adam,Lallana,MID,LIV,7000000,0,13,9.40E-28,1.34E-34,1.86E-06,0,0,1,1,0,0,0,0,0,0,0,0,0,13,0,0,0,0,0,0,1,0,0,3.2,0,0,0,0,0,234,0,0,0,37,West Ham,Crystal Palace,Brighton,Leicester,Tottenham,27.3,2018,0,Y18W0
Erik,Lamela,MID,TOT,6500000,0,55,1.99E-26,3.06E-33,8.46E-06,0,0,4,12,0,0,0,2,0,0,0,0,0,55,0,0,0,0,1,0,4,0,4,0.5,0,0,0,0,0,826,0,0,0,186,Newcastle,Fulham,Man Utd,Watford,Liverpool,84.7,2018,0,Y18W0
Manuel,Lanzini,MID,WHU,6500000,0,106,2.789473684,4.29E-07,1.63E-05,0,0,4,44,0,0,0,5,0,0,0,0,0,106,0,0,1,0,11,0,6,0,7,0.1,0,0,0,0,0,2039,0,0,0,470,Liverpool,Bournemouth,Arsenal,Wolverhampton,Everton,168.8,2018,0,Y18W0
Aymeric,Laporte,DEF,MCI,5500000,0,35,1.27E-26,2.30E-33,6.36E-06,0,0,1,5,0,0,0,0,0,0,0,0,0,35,0,0,0,0,2,0,4,0,0,1.1,0,0,0,0,0,806,0,0,0,204,Arsenal,Huddersfield,Wolverhampton,Newcastle,Fulham,25.4,2018,0,Y18W0
Jamaal,Lascelles,DEF,NEW,5000000,0,116,3.052631579,6.11E-07,2.32E-05,0,0,5,31,0,0,0,3,0,0,0,0,0,116,0,0,0,0,9,0,9,0,0,9.2,0,0,0,0,0,2927,0,0,0,567,Tottenham,Cardiff City,Chelsea,Man City,Arsenal,111.5,2018,0,Y18W0
Maxime,Le Marchand,DEF,FUL,4500000,0,0,0,0,0,0,0,0,0,0,0,0,0,0,0,0,0,0,0,0,0,0,0,0,0,0,0,0,0.4,0,0,0,0,0,0,0,0,0,0,Crystal Palace,Tottenham,Burnley,Brighton,Man City,0,2018,0,Y18W0
Florian,Lejeune,DEF,NEW,4500000,0,66,1.736842105,3.86E-07,1.47E-05,0,0,3,32,0,0,0,0,0,0,0,0,0,66,0,0,0,0,6,0,5,0,2,0.2,0,0,0,0,0,2103,0,0,0,406,Tottenham,Cardiff City,Chelsea,Man City,Arsenal,78.9,2018,0,Y18W0
Mario,Lemina,MID,SOU,5000000,0,58,1.526315789,3.05E-07,1.16E-05,0,0,2,31,0,0,0,1,0,0,0,0,0,58,0,0,0,0,5,0,4,0,1,0.2,0,0,0,0,0,1715,0,0,0,337,Burnley,Everton,Leicester,Crystal Palace,Brighton,67.8,2018,0,Y18W0
Aaron,Lennon,MID,BUR,5000000,0,65,4.70E-27,9.40E-34,1.30E-05,0,0,2,30,0,0,0,0,0,0,0,0,0,65,0,0,0,0,0,0,6,0,4,0.5,0,0,0,0,0,1906,0,0,0,204,Southampton,Watford,Fulham,Man Utd,Wolverhampton,73.3,2018,0,Y18W0
Bernd,Leno,GLK,ARS,5000000,0,0,0,0,0,0,0,0,0,0,0,0,0,0,0,0,0,0,0,0,0,0,0,0,0,0,0,0,3.3,0,0,0,0,0,0,0,0,0,0,Man City,Chelsea,West Ham,Cardiff City,Newcastle,0,2018,0,Y18W0
,Lewis Cook,MID,BOU,5000000,0,58,1.526315789,3.05E-07,1.16E-05,0,0,5,42,0,0,0,0,0,0,0,0,0,58,0,0,0,0,0,0,3,0,2,0.3,0,0,0,0,0,2234,0,0,0,337,Cardiff City,West Ham,Everton,Chelsea,Leicester,100.7,2018,0,Y18W0
Stephan,Lichtsteiner,DEF,ARS,5000000,0,0,0,0,0,0,0,0,0,0,0,0,0,0,0,0,0,0,0,0,0,0,0,0,0,0,0,0,2.3,0,0,0,0,0,0,0,0,0,0,Man City,Chelsea,West Ham,Cardiff City,Newcastle,0,2018,0,Y18W0
Victor,Lindelof,DEF,MUN,5000000,0,47,3.40E-27,6.80E-34,9.40E-06,0,0,1,14,0,0,0,0,0,0,0,0,0,47,0,0,0,0,1,0,5,0,0,0.6,0,0,0,0,0,1284,0,0,0,297,Leicester,Brighton,Tottenham,Burnley,Watford,32,2018,0,Y18W0
Jesse,Lingard,MID,MUN,7000000,0,128,9.26E-27,1.32E-33,1.83E-05,0,0,2,18,0,0,0,8,0,0,0,0,0,128,0,0,0,0,10,0,9,0,6,13,0,0,0,0,0,1807,0,0,0,450,Leicester,Brighton,Tottenham,Burnley,Watford,175.3,2018,0,Y18W0
Fernando,Llorente,FWD,TOT,6000000,0,22,0.578947368,9.65E-08,3.67E-06,0,0,1,2,0,0,0,1,0,0,0,0,0,22,0,0,0,0,2,0,1,0,0,0.4,0,0,0,0,0,224,0,0,0,70,Newcastle,Fulham,Man Utd,Watford,Liverpool,22.6,2018,0,Y18W0
Hugo,Lloris,GLK,TOT,5500000,0,144,3.789473684,6.89E-07,2.62E-05,0,0,1,35,0,87,0,0,0,0,0,0,0,144,0,0,0,0,6,0,15,0,0,8.2,0,0,0,0,0,3240,0,0,0,694,Newcastle,Fulham,Man Utd,Watford,Liverpool,72.3,2018,0,Y18W0
Jurgen,Locadia,FWD,BHA,5500000,0,16,5.79E-27,1.05E-33,2.91E-06,0,0,0,8,0,0,0,1,0,0,0,0,0,16,0,0,0,0,2,0,1,0,1,0.2,0,0,0,0,0,221,0,0,0,47,Watford,Man Utd,Liverpool,Fulham,Southampton,15.8,2018,0,Y18W0
Ruben,Loftus-Cheek,MID,CHE,5500000,0,77,5.57E-27,1.01E-33,1.40E-05,0,0,1,30,0,0,0,2,0,0,0,0,0,77,0,0,0,0,2,0,6,0,5,1.7,0,0,0,0,0,1871,0,0,0,337,Huddersfield,Arsenal,Newcastle,Bournemouth,Cardiff City,124.5,2018,0,Y18W0
Kevin,Long,DEF,BUR,4500000,0,57,4.12E-27,9.16E-34,1.27E-05,0,0,1,21,0,0,0,1,0,0,0,0,0,57,0,0,0,0,6,0,4,0,2,1,0,1,0,0,0,1440,0,0,0,282,Southampton,Watford,Fulham,Man Utd,Wolverhampton,74.5,2018,0,Y18W0
Shane,Long,FWD,SOU,5000000,0,53,1.394736842,2.79E-07,1.06E-05,0,0,6,28,0,0,0,2,0,0,0,0,0,53,0,0,0,0,0,0,4,0,2,1.8,0,0,0,0,0,1570,0,0,0,167,Burnley,Everton,Leicester,Crystal Palace,Brighton,104.6,2018,0,Y18W0
Ademola,Lookman,MID,EVE,5500000,0,10,7.23E-28,1.32E-34,1.82E-06,0,0,0,6,0,0,0,0,0,0,0,0,0,10,0,0,0,0,0,0,0,0,1,0.3,0,0,0,0,0,153,0,0,0,30,Wolverhampton,Southampton,Bournemouth,Huddersfield,West Ham,7.5,2018,0,Y18W0
Jonas,Lossl,GLK,HUD,4500000,0,135,3.552631579,7.89E-07,3.00E-05,0,0,1,58,0,103,0,0,0,0,0,0,0,135,0,0,0,0,11,0,10,0,1,2.6,0,1,0,2,0,3420,0,0,0,701,Chelsea,Man City,Cardiff City,Everton,Crystal Palace,87.8,2018,0,Y18W0
Dejan,Lovren,DEF,LIV,5000000,0,110,2.894736842,5.79E-07,2.20E-05,0,0,4,24,0,0,0,2,0,0,0,0,0,110,0,0,0,0,10,0,11,0,1,10.5,0,0,0,0,0,2124,0,0,0,539,West Ham,Crystal Palace,Brighton,Leicester,Tottenham,100.2,2018,0,Y18W0
Chris,Lowe,DEF,HUD,4500000,0,60,4.34E-27,9.64E-34,1.33E-05,0,0,1,26,0,0,0,0,0,0,0,0,0,60,0,0,0,0,0,0,7,0,0,0.2,0,0,0,0,0,1585,0,0,0,321,Chelsea,Man City,Cardiff City,Everton,Crystal Palace,43,2018,0,Y18W0
Matthew,Lowton,DEF,BUR,5000000,0,89,2.342105263,4.68E-07,1.78E-05,0,0,1,26,0,0,0,0,0,0,0,0,0,89,0,0,0,0,4,0,8,0,3,0.8,0,0,0,0,0,2295,0,0,0,450,Southampton,Watford,Fulham,Man Utd,Wolverhampton,89,2018,0,Y18W0
,Lucas Moura,MID,TOT,7000000,0,11,7.96E-28,1.14E-34,1.57E-06,0,0,0,6,0,0,0,0,0,0,0,0,0,11,0,0,0,0,0,0,0,0,1,2.1,0,0,0,0,0,206,0,0,0,36,Newcastle,Fulham,Man Utd,Watford,Liverpool,17.5,2018,0,Y18W0
Romelu,Lukaku,FWD,MUN,11000000,0,162,4.263157895,3.88E-07,1.47E-05,0,0,4,26,0,0,0,16,0,0,0,0,0,162,0,0,1,0,18,0,14,0,7,14.6,0,0,0,0,0,2866,0,0,0,593,Leicester,Brighton,Tottenham,Burnley,Watford,273.2,2018,0,Y18W0
James,Maddison,MID,LEI,6500000,0,0,0,0,0,0,0,0,0,0,0,0,0,0,0,0,0,0,0,0,0,0,0,0,0,0,0,0,0.7,0,0,0,0,0,0,0,0,0,0,Man Utd,Wolverhampton,Southampton,Liverpool,Bournemouth,0,2018,0,Y18W0
Gary,Madine,FWD,CAR,4500000,0,0,0,0,0,0,0,0,0,0,0,0,0,0,0,0,0,0,0,0,0,0,0,0,0,0,0,0,0.8,0,0,0,0,0,0,0,0,0,0,Bournemouth,Newcastle,Huddersfield,Arsenal,Chelsea,0,2018,0,Y18W0
Harry,Maguire,DEF,LEI,5500000,0,117,3.078947368,5.60E-07,2.13E-05,0,0,7,60,0,0,0,2,0,0,0,0,0,117,0,0,0,0,10,0,9,0,4,24.2,0,0,0,0,0,3420,0,0,0,716,Man Utd,Wolverhampton,Southampton,Liverpool,Bournemouth,168.8,2018,0,Y18W0
Riyad,Mahrez,MID,MCI,9000000,0,195,5.131578947,5.70E-07,2.17E-05,0,0,2,51,0,0,0,12,0,0,0,0,0,195,0,0,0,0,19,0,9,0,13,5.8,0,0,0,0,0,2948,0,0,0,682,Arsenal,Huddersfield,Wolverhampton,Newcastle,Fulham,282.6,2018,0,Y18W0
Ainsley,Maitland-Niles,MID,ARS,4500000,0,25,1.81E-27,4.02E-34,5.56E-06,0,0,1,16,0,0,0,0,0,0,0,0,0,25,0,0,0,0,0,0,3,0,0,0.6,0,0,0,0,0,908,0,0,0,160,Man City,Chelsea,West Ham,Cardiff City,Newcastle,37.8,2018,0,Y18W0
Scott,Malone,DEF,HUD,4000000,0,41,2.97E-27,7.41E-34,1.03E-05,0,0,3,23,0,0,0,0,0,0,0,0,0,41,0,0,0,0,4,0,3,0,1,13.9,0,0,0,0,0,1110,0,0,0,211,Chelsea,Man City,Cardiff City,Everton,Crystal Palace,46.5,2018,0,Y18W0
Sadio,Mane,MID,LIV,9500000,0,147,3.868421053,4.07E-07,1.55E-05,0,0,3,24,0,0,0,10,0,0,0,0,0,147,0,0,0,0,8,0,15,0,8,13.8,0,0,0,0,0,2189,0,0,1,499,West Ham,Crystal Palace,Brighton,Leicester,Tottenham,238,2018,0,Y18W0
Javier,Manquillo,DEF,NEW,4500000,0,49,1.289473684,2.87E-07,1.09E-05,0,0,2,31,0,0,0,0,0,0,0,0,0,49,0,0,0,0,1,0,4,0,1,0.2,0,0,0,0,0,1757,0,0,0,247,Tottenham,Cardiff City,Chelsea,Man City,Arsenal,45.9,2018,0,Y18W0
Solomon,March,MID,BHA,5000000,0,74,5.35E-27,1.07E-33,1.48E-05,0,0,3,29,0,0,0,1,0,0,0,0,0,74,0,0,0,0,3,0,6,0,3,0.1,0,0,0,0,0,1838,0,0,0,303,Watford,Man Utd,Liverpool,Fulham,Southampton,99.8,2018,0,Y18W0
Adrian,Mariappa,DEF,WAT,4500000,0,58,1.526315789,3.39E-07,1.29E-05,0,0,4,43,0,0,0,0,0,0,0,0,0,58,0,0,0,0,2,0,6,0,0,0.3,0,0,0,0,0,2206,0,0,0,378,Brighton,Burnley,Crystal Palace,Tottenham,Man Utd,62.8,2018,0,Y18W0
Anthony,Martial,MID,MUN,7500000,0,125,9.04E-27,1.21E-33,1.67E-05,0,0,1,13,0,0,0,9,0,0,0,0,0,125,0,0,0,0,7,0,9,0,6,1.5,0,0,0,0,0,1572,0,0,0,403,Leicester,Brighton,Tottenham,Burnley,Watford,179.5,2018,0,Y18W0
Cuco,Martina,DEF,EVE,4500000,0,55,3.98E-27,8.84E-34,1.22E-05,0,0,2,30,0,0,0,0,0,0,0,0,0,55,0,0,0,0,0,0,5,0,2,0.2,0,0,0,0,0,1830,0,0,0,367,Wolverhampton,Southampton,Bournemouth,Huddersfield,West Ham,74.9,2018,0,Y18W0
Adam,Masina,DEF,WAT,4500000,0,0,0,0,0,0,0,0,0,0,0,0,0,0,0,0,0,0,0,0,0,0,0,0,0,0,0,0,0.2,0,0,0,0,0,0,0,0,0,0,Brighton,Burnley,Crystal Palace,Tottenham,Man Utd,0,2018,0,Y18W0
Arthur,Masuaku,MID,WHU,4500000,0,68,1.789473684,3.98E-07,1.51E-05,0,0,5,29,0,0,0,0,0,0,0,0,0,68,0,0,0,0,2,0,6,0,3,3,0,0,0,0,0,1867,0,0,0,352,Liverpool,Bournemouth,Arsenal,Wolverhampton,Everton,80.7,2018,0,Y18W0
Juan,Mata,MID,MUN,6500000,0,100,2.631578947,4.05E-07,1.54E-05,0,0,1,10,0,0,0,3,0,0,0,0,0,100,0,0,0,0,6,0,15,0,5,1.2,0,0,0,0,0,1919,0,0,0,418,Leicester,Brighton,Tottenham,Burnley,Watford,172.1,2018,0,Y18W0
Nemanja,Matic,MID,MUN,5000000,0,91,2.394736842,4.79E-07,1.82E-05,0,0,6,26,0,0,0,1,0,0,0,0,0,91,0,0,0,0,3,0,16,0,1,2.8,0,0,0,0,0,3117,0,0,0,576,Leicester,Brighton,Tottenham,Burnley,Watford,127.9,2018,0,Y18W0
Joel,Matip,DEF,LIV,5000000,0,81,2.131578947,4.26E-07,1.62E-05,0,0,3,27,0,0,0,1,0,0,0,0,0,81,0,0,0,0,3,0,9,0,0,0.2,0,0,0,0,0,1995,0,0,0,470,West Ham,Crystal Palace,Brighton,Leicester,Tottenham,78.1,2018,0,Y18W0
Konstantinos,Mavropanos,DEF,ARS,5000000,0,4,2.89E-28,5.79E-35,8.00E-07,0,0,0,5,0,0,0,0,0,0,0,0,0,4,0,0,0,0,0,0,1,0,0,0.3,0,0,0,0,0,194,0,0,1,41,Man City,Chelsea,West Ham,Cardiff City,Newcastle,5.5,2018,0,Y18W0
Chancel,Mbemba,DEF,NEW,4000000,0,20,0.526315789,1.32E-07,5.00E-06,0,0,0,11,0,0,0,0,0,0,0,0,0,20,0,0,0,0,3,0,1,0,0,1.3,0,0,0,0,0,670,0,0,0,133,Tottenham,Cardiff City,Chelsea,Man City,Arsenal,23.2,2018,0,Y18W0
James,McArthur,MID,CRY,5000000,0,101,2.657894737,5.32E-07,2.02E-05,0,0,5,35,0,0,0,5,0,0,0,0,0,101,0,0,0,0,9,0,7,0,2,2,0,0,0,0,0,2425,0,0,0,416,Fulham,Liverpool,Watford,Southampton,Huddersfield,138.9,2018,0,Y18W0
Alex,McCarthy,GLK,SOU,4500000,0,52,3.76E-27,8.36E-34,1.16E-05,0,0,2,26,0,42,0,0,0,0,0,0,0,52,0,0,0,0,3,0,4,0,0,1,0,0,0,0,0,1620,0,0,0,278,Burnley,Everton,Leicester,Crystal Palace,Brighton,28.1,2018,0,Y18W0
James,McCarthy,MID,EVE,4500000,0,6,1.36E-24,3.01E-31,1.33E-06,0,0,0,6,0,0,0,0,0,0,0,0,0,6,0,0,0,0,0,0,0,0,0,0,0,0,0,0,0,204,0,0,0,41,Wolverhampton,Southampton,Bournemouth,Huddersfield,West Ham,5.8,2018,0,Y18W0
Kevin,McDonald,MID,FUL,4500000,0,0,0,0,0,0,0,0,0,0,0,0,0,0,0,0,0,0,0,0,0,0,0,0,0,0,0,0,0.5,0,0,0,0,0,0,0,0,0,0,Crystal Palace,Tottenham,Burnley,Brighton,Man City,0,2018,0,Y18W0
Sam,McQueen,DEF,SOU,4000000,0,14,1.01E-27,2.53E-34,3.50E-06,0,0,0,2,0,0,0,0,0,0,0,0,0,14,0,0,0,0,2,0,1,0,0,1.1,0,0,0,0,0,142,0,0,0,49,Burnley,Everton,Leicester,Crystal Palace,Brighton,7.2,2018,0,Y18W0
Scott,McTominay,MID,MUN,4500000,0,21,1.52E-27,3.38E-34,4.67E-06,0,0,2,3,0,0,0,0,0,0,0,0,0,21,0,0,0,0,0,0,4,0,0,0.7,0,0,0,0,0,629,0,0,0,96,Leicester,Brighton,Tottenham,Burnley,Watford,14.2,2018,0,Y18W0
Ben,Mee,DEF,BUR,5000000,0,90,2.368421053,4.74E-07,1.80E-05,0,0,5,27,0,0,0,0,0,0,0,0,0,90,0,0,0,0,6,0,9,0,0,4.8,0,0,0,0,0,2610,0,0,0,491,Southampton,Watford,Fulham,Man Utd,Wolverhampton,117.3,2018,0,Y18W0
Nathaniel,Mendez-Laing,MID,CAR,5000000,0,0,0,0,0,0,0,0,0,0,0,0,0,0,0,0,0,0,0,0,0,0,0,0,0,0,0,0,0.1,0,0,0,0,0,0,0,0,0,0,Bournemouth,Newcastle,Huddersfield,Arsenal,Chelsea,0,2018,0,Y18W0
Benjamin,Mendy,DEF,MCI,6000000,0,20,1.45E-27,2.41E-34,3.33E-06,0,0,2,1,0,0,0,0,0,0,0,0,0,20,0,0,0,0,1,0,2,0,1,5.2,0,0,0,0,0,360,0,0,0,96,Arsenal,Huddersfield,Wolverhampton,Newcastle,Fulham,27.2,2018,0,Y18W0
Mikel,Merino,MID,NEW,5000000,0,49,1.289473684,2.58E-07,9.80E-06,0,0,4,18,0,0,0,1,0,0,0,0,0,49,0,0,0,0,4,0,3,0,1,0,0,0,0,0,0,1337,0,0,0,271,Tottenham,Cardiff City,Chelsea,Man City,Arsenal,76.9,2018,0,Y18W0
Simon,Mignolet,GLK,LIV,5000000,0,67,1.763157895,3.53E-07,1.34E-05,0,0,3,24,0,36,0,0,0,0,0,0,0,67,0,0,0,0,0,0,7,0,0,0.2,0,0,0,1,0,1710,0,0,0,329,West Ham,Crystal Palace,Brighton,Leicester,Tottenham,28,2018,0,Y18W0
Luka,Milivojevic,MID,CRY,6500000,0,144,3.789473684,5.83E-07,2.22E-05,0,0,8,52,0,0,0,10,0,0,0,0,0,144,0,0,1,0,21,0,8,0,2,11.3,0,0,0,0,0,3079,0,0,0,630,Fulham,Liverpool,Watford,Southampton,Huddersfield,168.6,2018,0,Y18W0
James,Milner,MID,LIV,5500000,0,77,5.57E-27,1.01E-33,1.40E-05,0,0,3,25,0,0,0,0,0,0,0,0,0,77,0,0,0,0,4,0,6,0,3,0.6,0,0,0,0,0,1759,0,0,0,459,West Ham,Crystal Palace,Brighton,Leicester,Tottenham,132.5,2018,0,Y18W0
Tyrone,Mings,DEF,BOU,4500000,0,3,2.17E-28,4.82E-35,6.67E-07,0,0,1,5,0,0,0,0,0,0,0,0,0,3,0,0,0,0,0,0,0,0,0,0.2,0,0,0,0,0,201,0,0,0,40,Cardiff City,West Ham,Everton,Chelsea,Leicester,7.2,2018,0,Y18W0
Rafa,Mir,FWD,WOL,4500000,0,0,0,0,0,0,0,0,0,0,0,0,0,0,0,0,0,0,0,0,0,0,0,0,0,0,0,0,0.6,0,0,0,0,0,0,0,0,0,0,Everton,Leicester,Man City,West Ham,Burnley,0,2018,0,Y18W0
Kevin,Mirallas,MID,EVE,5500000,0,5,3.62E-28,6.58E-35,9.09E-07,0,0,1,8,0,0,0,0,0,0,0,0,0,5,0,0,0,0,0,0,0,0,0,0.1,0,0,0,0,0,135,0,0,0,19,Wolverhampton,Southampton,Bournemouth,Huddersfield,West Ham,7.9,2018,0,Y18W0
,Miranda,DEF,WOL,4000000,0,0,0,0,0,0,0,0,0,0,0,0,0,0,0,0,0,0,0,0,0,0,0,0,0,0,0,0,0.3,0,0,0,0,0,0,0,0,0,0,Everton,Leicester,Man City,West Ham,Burnley,0,2018,0,Y18W0
Aleksandar,Mitrovic,FWD,FUL,6500000,0,10,0.263157895,4.05E-08,1.54E-06,0,0,0,0,0,0,0,1,0,0,0,0,0,10,0,0,0,0,0,0,0,0,0,0.8,0,0,0,0,0,89,0,0,0,37,Crystal Palace,Tottenham,Burnley,Brighton,Man City,16.6,2018,0,Y18W0
Henrikh,Mkhitaryan,MID,ARS,7000000,0,107,7.74E-27,1.11E-33,1.53E-05,0,0,2,17,0,0,0,3,0,0,0,0,0,107,0,0,0,0,9,0,12,0,9,17.7,0,0,0,0,0,1712,0,0,0,411,Man City,Chelsea,West Ham,Cardiff City,Newcastle,163.8,2018,0,Y18W0
Nacho,Monreal,DEF,ARS,5500000,0,130,3.421052632,6.22E-07,2.36E-05,0,0,3,29,0,0,0,5,0,0,0,0,0,130,0,0,0,0,15,0,10,0,2,3.8,0,0,0,0,0,2241,0,0,0,604,Man City,Chelsea,West Ham,Cardiff City,Newcastle,124,2018,0,Y18W0
Aaron,Mooy,MID,HUD,5500000,0,113,2.973684211,5.41E-07,2.05E-05,0,0,4,52,0,0,0,4,0,0,0,0,0,113,0,0,0,0,8,0,10,0,3,4.3,0,0,0,0,0,3066,0,0,0,576,Chelsea,Man City,Cardiff City,Everton,Crystal Palace,195.2,2018,0,Y18W0
Alvaro,Morata,FWD,CHE,9000000,0,122,3.210526316,3.57E-07,1.36E-05,0,0,7,19,0,0,0,11,0,0,0,0,0,122,0,0,0,0,13,0,11,0,6,3.1,0,0,0,0,0,2055,0,0,0,356,Huddersfield,Arsenal,Newcastle,Bournemouth,Cardiff City,228.8,2018,0,Y18W0
Alberto,Moreno,DEF,LIV,4500000,0,52,3.76E-27,8.36E-34,1.16E-05,0,0,1,19,0,0,0,0,0,0,0,0,0,52,0,0,0,0,3,0,6,0,1,0.3,0,0,0,0,0,1264,0,0,0,328,West Ham,Crystal Palace,Brighton,Leicester,Tottenham,61.7,2018,0,Y18W0
Wes,Morgan,DEF,LEI,4500000,0,61,1.605263158,3.57E-07,1.36E-05,0,0,4,52,0,0,0,0,0,0,0,0,0,61,0,0,0,0,1,0,5,0,0,1,0,0,0,0,0,2817,0,0,0,390,Man Utd,Wolverhampton,Southampton,Liverpool,Bournemouth,75.1,2018,0,Y18W0
Sean,Morrison,DEF,CAR,5000000,0,0,0,0,0,0,0,0,0,0,0,0,0,0,0,0,0,0,0,0,0,0,0,0,0,0,0,0,0.9,0,0,0,0,0,0,0,0,0,0,Bournemouth,Newcastle,Huddersfield,Arsenal,Chelsea,0,2018,0,Y18W0
Victor,Moses,DEF,CHE,6000000,0,131,3.447368421,5.75E-07,2.18E-05,0,0,3,20,0,0,0,3,0,0,0,0,0,131,0,0,0,0,9,0,11,0,6,5.8,0,0,0,0,0,2109,0,0,0,486,Huddersfield,Arsenal,Newcastle,Bournemouth,Cardiff City,125.9,2018,0,Y18W0
Steve,Mounie,FWD,HUD,6000000,0,92,2.421052632,4.04E-07,1.53E-05,0,0,2,32,0,0,0,7,0,0,0,0,0,92,0,0,0,0,12,0,6,0,2,0.3,0,0,0,0,0,1849,0,0,0,269,Chelsea,Man City,Cardiff City,Everton,Crystal Palace,124.5,2018,0,Y18W0
Lys,Mousset,FWD,BOU,5000000,0,36,2.60E-27,5.21E-34,7.20E-06,0,0,1,16,0,0,0,2,0,0,0,0,0,36,0,0,0,0,3,0,1,0,0,0.3,0,0,0,0,0,581,0,0,0,106,Cardiff City,West Ham,Everton,Chelsea,Leicester,43.9,2018,0,Y18W0
,Moutinho,MID,WOL,5500000,0,0,0,0,0,0,0,0,0,0,0,0,0,0,0,0,0,0,0,0,0,0,0,0,0,0,0,0,1.5,0,0,0,0,0,0,0,0,0,0,Everton,Leicester,Man City,West Ham,Burnley,0,2018,0,Y18W0
Jacob,Murphy,MID,NEW,5000000,0,51,3.69E-27,7.38E-34,1.02E-05,0,0,0,25,0,0,0,1,0,0,0,0,0,51,0,0,0,0,2,0,2,0,2,0.1,0,0,0,0,0,1137,0,0,0,171,Tottenham,Cardiff City,Chelsea,Man City,Arsenal,54.7,2018,0,Y18W0
Josh,Murphy,MID,CAR,5000000,0,0,0,0,0,0,0,0,0,0,0,0,0,0,0,0,0,0,0,0,0,0,0,0,0,0,0,0,0.2,0,0,0,0,0,0,0,0,0,0,Bournemouth,Newcastle,Huddersfield,Arsenal,Chelsea,0,2018,0,Y18W0
Glenn,Murray,FWD,BHA,6500000,0,111,2.921052632,4.49E-07,1.71E-05,0,0,9,36,0,0,0,12,0,0,0,0,0,111,0,0,2,0,16,0,8,0,0,1.4,0,0,0,0,0,2184,0,0,0,319,Watford,Man Utd,Liverpool,Fulham,Southampton,153.1,2018,0,Y18W0
Shkodran,Mustafi,DEF,ARS,5500000,0,109,2.868421053,5.22E-07,1.98E-05,0,0,6,30,0,0,0,3,0,0,0,0,0,109,0,0,0,0,13,0,10,0,1,1,0,0,0,0,0,2272,0,0,0,610,Man City,Chelsea,West Ham,Cardiff City,Newcastle,117,2018,0,Y18W0
Marc,Navarro,DEF,WAT,4500000,0,0,0,0,0,0,0,0,0,0,0,0,0,0,0,0,0,0,0,0,0,0,0,0,0,0,0,0,0.1,0,0,0,0,0,0,0,0,0,0,Brighton,Burnley,Crystal Palace,Tottenham,Man Utd,0,2018,0,Y18W0
Wilfred,Ndidi,MID,LEI,5000000,0,78,2.052631579,4.11E-07,1.56E-05,0,0,6,45,0,0,0,0,0,0,0,0,0,78,0,0,0,0,4,0,9,0,4,0.7,0,0,0,0,0,2896,0,0,2,449,Man Utd,Wolverhampton,Southampton,Liverpool,Bournemouth,117.2,2018,0,Y18W0
Reiss,Nelson,MID,ARS,4500000,0,5,3.62E-28,8.04E-35,1.11E-06,0,0,0,3,0,0,0,0,0,0,0,0,0,5,0,0,0,0,0,0,0,0,0,0.9,0,0,0,0,0,144,0,0,0,23,Man City,Chelsea,West Ham,Cardiff City,Newcastle,5.3,2018,0,Y18W0
,Neves,MID,WOL,5000000,0,0,0,0,0,0,0,0,0,0,0,0,0,0,0,0,0,0,0,0,0,0,0,0,0,0,0,0,15,0,0,0,0,0,0,0,0,0,0,Everton,Leicester,Man City,West Ham,Burnley,0,2018,0,Y18W0
Oumar,Niasse,FWD,EVE,5500000,0,83,2.184210526,3.97E-07,1.51E-05,0,0,2,23,0,0,0,8,0,0,0,0,0,83,0,0,0,0,14,0,0,0,3,1.4,0,0,0,0,0,1076,0,0,0,248,Wolverhampton,Southampton,Bournemouth,Huddersfield,West Ham,115.2,2018,0,Y18W0
Mark,Noble,MID,WHU,5000000,0,84,2.210526316,4.42E-07,1.68E-05,0,0,6,45,0,0,0,4,0,0,0,0,0,84,0,0,0,0,7,0,7,0,0,0.4,0,0,0,0,0,2400,0,0,0,461,Liverpool,Bournemouth,Arsenal,Wolverhampton,Everton,100.8,2018,0,Y18W0
Will,Norris,GLK,WOL,4000000,0,0,0,0,0,0,0,0,0,0,0,0,0,0,0,0,0,0,0,0,0,0,0,0,0,0,0,0,2.6,0,0,0,0,0,0,0,0,0,0,Everton,Leicester,Man City,West Ham,Burnley,0,2018,0,Y18W0
Pedro,Obiang,MID,WHU,4500000,0,54,3.91E-27,8.68E-34,1.20E-05,0,0,3,29,0,0,0,2,0,0,0,0,0,54,0,0,0,0,6,0,5,0,0,1.3,0,0,0,0,0,1562,0,0,0,270,Liverpool,Bournemouth,Arsenal,Wolverhampton,Everton,60.1,2018,0,Y18W0
Denis,Odoi,DEF,FUL,4500000,0,0,0,0,0,0,0,0,0,0,0,0,0,0,0,0,0,0,0,0,0,0,0,0,0,0,0,0,0.4,0,0,0,0,0,0,0,0,0,0,Crystal Palace,Tottenham,Burnley,Brighton,Man City,0,2018,0,Y18W0
Angelo,Ogbonna,DEF,WHU,4500000,0,77,2.026315789,4.50E-07,1.71E-05,0,0,3,60,0,0,0,1,0,0,0,0,0,77,0,0,0,0,4,0,7,0,0,1.1,0,0,0,0,0,2880,0,0,0,520,Liverpool,Bournemouth,Arsenal,Wolverhampton,Everton,91.4,2018,0,Y18W0
Stefano,Okaka,FWD,WAT,5000000,0,24,8.68E-27,1.74E-33,4.80E-06,0,0,2,9,0,0,0,1,0,0,0,0,0,24,0,0,0,0,1,0,2,0,1,0,0,0,0,0,0,442,0,0,0,52,Brighton,Burnley,Crystal Palace,Tottenham,Man Utd,29.8,2018,0,Y18W0
Shinji,Okazaki,FWD,LEI,5500000,0,76,2,3.64E-07,1.38E-05,0,0,2,19,0,0,0,6,0,0,0,0,0,76,0,0,0,0,7,0,5,0,3,1.6,0,0,0,0,0,1314,0,0,0,275,Man Utd,Wolverhampton,Southampton,Liverpool,Bournemouth,107.9,2018,0,Y18W0
,Oriol Romeu,MID,SOU,4500000,0,68,1.789473684,3.98E-07,1.51E-05,0,0,11,47,0,0,0,1,0,0,0,0,0,68,0,0,0,0,0,0,8,0,0,2.7,0,0,0,0,0,2897,0,0,0,474,Burnley,Everton,Leicester,Crystal Palace,Brighton,118.7,2018,0,Y18W0
Nicolas,Otamendi,DEF,MCI,6500000,0,156,4.105263158,6.32E-07,2.40E-05,0,0,9,25,0,0,0,4,0,0,0,0,0,156,0,0,0,0,21,0,15,0,0,9.2,0,1,0,0,0,2966,0,0,0,742,Arsenal,Huddersfield,Wolverhampton,Newcastle,Fulham,143.7,2018,0,Y18W0
Reece,Oxford,DEF,WHU,4500000,0,1,7.23E-29,1.61E-35,2.22E-07,0,0,0,0,0,0,0,0,0,0,0,0,0,1,0,0,0,0,0,0,0,0,0,0.2,0,0,0,0,0,4,0,0,0,2,Liverpool,Bournemouth,Arsenal,Wolverhampton,Everton,0.3,2018,0,Y18W0
Mesut,Ozil,MID,ARS,8500000,0,112,2.947368421,3.47E-07,1.32E-05,0,0,4,36,0,0,0,4,0,0,0,0,0,112,0,0,0,0,11,0,8,0,9,3.6,0,0,0,0,0,2161,0,0,0,506,Man City,Chelsea,West Ham,Cardiff City,Newcastle,248.6,2018,0,Y18W0
Callum,Paterson,MID,CAR,5500000,0,0,0,0,0,0,0,0,0,0,0,0,0,0,0,0,0,0,0,0,0,0,0,0,0,0,0,0,0.3,0,0,0,0,0,0,0,0,0,0,Bournemouth,Newcastle,Huddersfield,Arsenal,Chelsea,0,2018,0,Y18W0
,Patricio,GLK,WOL,4500000,0,0,0,0,0,0,0,0,0,0,0,0,0,0,0,0,0,0,0,0,0,0,0,0,0,0,0,0,6.8,0,0,0,0,0,0,0,0,0,0,Everton,Leicester,Man City,West Ham,Burnley,0,2018,0,Y18W0
,Pedro,MID,CHE,6500000,0,81,5.86E-27,9.01E-34,1.25E-05,0,0,1,14,0,0,0,4,0,0,0,0,0,81,0,0,0,0,2,0,8,0,2,1.9,0,0,0,0,0,1511,0,0,0,272,Huddersfield,Arsenal,Newcastle,Bournemouth,Cardiff City,124.6,2018,0,Y18W0
Lee,Peltier,DEF,CAR,4000000,0,0,0,0,0,0,0,0,0,0,0,0,0,0,0,0,0,0,0,0,0,0,0,0,0,0,0,0,2.2,0,0,0,0,0,0,0,0,0,0,Bournemouth,Newcastle,Huddersfield,Arsenal,Chelsea,0,2018,0,Y18W0
,Pereira,DEF,LEI,5000000,0,0,0,0,0,0,0,0,0,0,0,0,0,0,0,0,0,0,0,0,0,0,0,0,0,0,0,0,1,0,0,0,0,0,0,0,0,0,0,Man Utd,Wolverhampton,Southampton,Liverpool,Bournemouth,0,2018,0,Y18W0
Andreas,Pereira,MID,MUN,5000000,0,0,0,0,0,0,0,0,0,0,0,0,0,0,0,0,0,0,0,0,0,0,0,0,0,0,0,0,0,0,0,0,0,0,0,0,0,0,0,Leicester,Brighton,Tottenham,Burnley,Watford,0,2018,0,Y18W0
Roberto,Pereyra,MID,WAT,6000000,0,81,2.131578947,3.55E-07,1.35E-05,0,0,3,34,0,0,0,5,0,0,0,0,0,81,0,0,0,0,5,0,1,0,3,0.4,0,0,0,0,0,1610,0,0,0,299,Brighton,Burnley,Crystal Palace,Tottenham,Man Utd,118.8,2018,0,Y18W0
Ayoze,Perez,FWD,NEW,6500000,0,124,3.263157895,5.02E-07,1.91E-05,0,0,3,28,0,0,0,8,0,0,0,0,0,124,0,0,0,0,15,0,8,0,6,4,0,1,0,0,0,2486,0,0,0,420,Tottenham,Cardiff City,Chelsea,Man City,Arsenal,191.7,2018,0,Y18W0
Jordan,Pickford,GLK,EVE,5000000,0,145,3.815789474,7.63E-07,2.90E-05,0,0,0,58,0,121,0,0,0,0,0,0,0,145,0,0,0,0,16,0,10,0,0,22.3,0,0,0,1,0,3420,0,0,0,724,Wolverhampton,Southampton,Bournemouth,Huddersfield,West Ham,90.7,2018,0,Y18W0
Anthony,Pilkington,MID,CAR,4500000,0,0,0,0,0,0,0,0,0,0,0,0,0,0,0,0,0,0,0,0,0,0,0,0,0,0,0,0,0.3,0,0,0,0,0,0,0,0,0,0,Bournemouth,Newcastle,Huddersfield,Arsenal,Chelsea,0,2018,0,Y18W0
Paul,Pogba,MID,MUN,8000000,0,138,3.631578947,4.54E-07,1.73E-05,0,0,5,20,0,0,0,6,0,0,0,0,0,138,0,0,0,0,15,0,11,0,13,13.8,0,0,0,0,0,2145,0,0,1,528,Leicester,Brighton,Tottenham,Burnley,Watford,215.6,2018,0,Y18W0
Nick,Pope,GLK,BUR,5000000,0,152,4,8.00E-07,3.04E-05,0,0,3,35,0,113,0,0,0,0,0,0,0,152,0,0,0,0,19,0,11,0,0,3.8,0,0,0,1,0,3114,0,0,0,701,Southampton,Watford,Fulham,Man Utd,Wolverhampton,90.1,2018,0,Y18W0
Alex,Pritchard,MID,HUD,5000000,0,40,2.89E-27,5.79E-34,8.00E-06,0,0,1,12,0,0,0,1,0,0,0,0,0,40,0,0,0,0,3,0,3,0,2,0.1,0,0,0,0,0,997,0,0,0,168,Chelsea,Man City,Cardiff City,Everton,Crystal Palace,68.7,2018,0,Y18W0
Sebastian,Prodl,DEF,WAT,4500000,0,42,3.04E-27,6.75E-34,9.33E-06,0,0,5,29,0,0,0,0,0,0,0,0,0,42,0,0,0,0,0,0,5,0,0,0.2,0,0,0,0,0,1566,0,0,0,267,Brighton,Burnley,Crystal Palace,Tottenham,Man Utd,39.3,2018,0,Y18W0
Davy,Propper,MID,BHA,5000000,0,87,2.289473684,4.58E-07,1.74E-05,0,0,2,50,0,0,0,0,0,0,0,0,0,87,0,0,0,0,1,0,9,0,4,0.2,0,0,0,0,0,3118,0,0,1,446,Watford,Man Utd,Liverpool,Fulham,Southampton,108.9,2018,0,Y18W0
Marc,Pugh,MID,BOU,4500000,0,32,2.31E-27,5.14E-34,7.11E-06,0,0,2,17,0,0,0,0,0,0,0,0,0,32,0,0,0,0,0,0,5,0,0,0.9,0,0,0,0,0,974,0,0,0,97,Cardiff City,West Ham,Everton,Chelsea,Leicester,51.6,2018,0,Y18W0
Jason,Puncheon,MID,CRY,4500000,0,11,0.289473684,6.43E-08,2.44E-06,0,0,5,14,0,0,0,0,0,0,0,0,0,11,0,0,0,0,0,0,0,0,0,0.8,0,0,0,0,0,574,0,0,0,38,Fulham,Liverpool,Watford,Southampton,Huddersfield,25.1,2018,0,Y18W0
Collin,Quaner,FWD,HUD,4500000,0,44,3.18E-27,7.07E-34,9.78E-06,0,0,4,23,0,0,0,0,0,0,0,0,0,44,0,0,0,0,0,0,3,0,4,7,0,0,0,0,0,1268,0,0,0,173,Chelsea,Man City,Cardiff City,Everton,Crystal Palace,74.8,2018,0,Y18W0
Joe,Ralls,MID,CAR,5000000,0,0,0,0,0,0,0,0,0,0,0,0,0,0,0,0,0,0,0,0,0,0,0,0,0,0,0,0,0.4,0,0,0,0,0,0,0,0,0,0,Bournemouth,Newcastle,Huddersfield,Arsenal,Chelsea,0,2018,0,Y18W0
Aaron,Ramsey,MID,ARS,7500000,0,130,3.421052632,4.56E-07,1.73E-05,0,0,0,25,0,0,0,7,0,0,0,0,0,130,0,0,0,0,12,0,9,0,10,4.2,0,0,0,0,0,1844,0,0,0,503,Man City,Chelsea,West Ham,Cardiff City,Newcastle,184.2,2018,0,Y18W0
Marcus,Rashford,FWD,MUN,7000000,0,104,2.736842105,3.91E-07,1.49E-05,0,0,3,16,0,0,0,7,0,0,0,0,0,104,0,0,0,0,11,0,10,0,5,7.6,0,0,0,0,0,1799,0,0,0,387,Leicester,Brighton,Tottenham,Burnley,Watford,171.7,2018,0,Y18W0
Tim,Ream,DEF,FUL,4500000,0,0,0,0,0,0,0,0,0,0,0,0,0,0,0,0,0,0,0,0,0,0,0,0,0,0,0,0,0.9,0,0,0,0,0,0,0,0,0,0,Crystal Palace,Tottenham,Burnley,Brighton,Man City,0,2018,0,Y18W0
Nathan,Redmond,MID,SOU,5500000,0,72,1.894736842,3.44E-07,1.31E-05,0,0,3,31,0,0,0,1,0,0,0,0,0,72,0,0,0,0,3,0,7,0,3,0.6,0,0,0,0,0,1938,0,0,0,296,Burnley,Everton,Leicester,Crystal Palace,Brighton,147.2,2018,0,Y18W0
Bobby,Reid,FWD,CAR,5500000,0,0,0,0,0,0,0,0,0,0,0,0,0,0,0,0,0,0,0,0,0,0,0,0,0,0,0,0,1.1,0,0,0,0,0,0,0,0,0,0,Bournemouth,Newcastle,Huddersfield,Arsenal,Chelsea,0,2018,0,Y18W0
Winston,Reid,DEF,WHU,4500000,0,42,1.105263158,2.46E-07,9.33E-06,0,0,5,27,0,0,0,0,0,0,0,0,0,42,0,0,0,0,3,0,5,0,0,0,0,0,0,0,0,1452,0,0,0,264,Liverpool,Bournemouth,Arsenal,Wolverhampton,Everton,43.6,2018,0,Y18W0
Declan,Rice,DEF,WHU,4500000,0,41,2.97E-27,6.59E-34,9.11E-06,0,0,1,29,0,0,0,0,0,0,0,0,0,41,0,0,0,0,0,0,3,0,0,0.4,0,0,0,0,0,1421,0,0,0,280,Liverpool,Bournemouth,Arsenal,Wolverhampton,Everton,37.5,2018,0,Y18W0
,Richarlison,MID,EVE,6500000,0,125,3.289473684,5.06E-07,1.92E-05,0,0,4,54,0,0,0,5,0,0,0,0,0,125,0,0,0,0,4,0,8,0,8,13.3,0,0,0,0,0,2817,0,0,0,304,Wolverhampton,Southampton,Bournemouth,Huddersfield,West Ham,209.3,2018,0,Y18W0
Diego,Rico,DEF,BOU,4500000,0,0,0,0,0,0,0,0,0,0,0,0,0,0,0,0,0,0,0,0,0,0,0,0,0,0,0,0,0.3,0,0,0,0,0,0,0,0,0,0,Cardiff City,West Ham,Everton,Chelsea,Leicester,0,2018,0,Y18W0
Jairo,Riedewald,DEF,CRY,4500000,0,23,1.66E-27,3.70E-34,5.11E-06,0,0,0,6,0,0,0,0,0,0,0,0,0,23,0,0,0,0,0,0,2,0,0,0.1,0,0,0,0,0,435,0,0,0,100,Fulham,Liverpool,Watford,Southampton,Huddersfield,10.6,2018,0,Y18W0
Matt,Ritchie,MID,NEW,6000000,0,116,3.052631579,5.09E-07,1.93E-05,0,0,6,35,0,0,0,3,0,0,0,0,0,116,0,0,0,0,10,0,9,0,7,1,0,0,0,0,0,2802,0,0,0,489,Tottenham,Cardiff City,Chelsea,Man City,Arsenal,192.6,2018,0,Y18W0
Andrew,Robertson,DEF,LIV,6000000,0,111,2.921052632,4.87E-07,1.85E-05,0,0,2,18,0,0,0,1,0,0,0,0,0,111,0,0,0,0,12,0,10,0,5,15.9,0,0,0,0,0,1940,0,0,0,514,West Ham,Crystal Palace,Brighton,Leicester,Tottenham,101.3,2018,0,Y18W0
Marcos,Rojo,DEF,MUN,5000000,0,23,8.32E-27,1.66E-33,4.60E-06,0,0,6,8,0,0,0,0,0,0,0,0,0,23,0,0,0,0,4,0,3,0,0,0.3,0,0,0,0,0,639,0,0,0,126,Leicester,Brighton,Tottenham,Burnley,Watford,22.5,2018,0,Y18W0
Sergio,Romero,GLK,MUN,5000000,0,7,5.06E-28,1.01E-34,1.40E-06,0,0,0,0,0,3,0,0,0,0,0,0,0,7,0,0,0,0,0,0,1,0,0,0.1,0,0,0,0,0,90,0,0,0,26,Leicester,Brighton,Tottenham,Burnley,Watford,2.6,2018,0,Y18W0
Danny,Rose,DEF,TOT,6000000,0,24,1.74E-27,2.89E-34,4.00E-06,0,0,4,14,0,0,0,0,0,0,0,0,0,24,0,0,0,0,0,0,2,0,2,2.1,0,0,0,0,0,800,0,0,0,136,Newcastle,Fulham,Man Utd,Watford,Liverpool,45.9,2018,0,Y18W0
John,Ruddy,GLK,WOL,4500000,0,0,0,0,0,0,0,0,0,0,0,0,0,0,0,0,0,0,0,0,0,0,0,0,0,0,0,0,0.8,0,0,0,0,0,0,0,0,0,0,Everton,Leicester,Man City,West Ham,Burnley,0,2018,0,Y18W0
Antonio,Rudiger,DEF,CHE,6000000,0,115,3.026315789,5.04E-07,1.92E-05,0,0,4,22,0,0,0,2,0,0,0,0,0,115,0,0,0,0,8,0,12,0,1,3,0,0,0,0,0,2336,0,0,0,557,Huddersfield,Arsenal,Newcastle,Bournemouth,Cardiff City,84.8,2018,0,Y18W0
Mathew,Ryan,GLK,BHA,4500000,0,146,3.842105263,8.54E-07,3.24E-05,0,0,0,54,0,124,0,0,0,0,0,0,0,146,0,0,0,0,13,0,10,0,0,6.2,0,0,0,2,0,3420,0,0,0,726,Watford,Man Utd,Liverpool,Fulham,Southampton,91.1,2018,0,Y18W0
Abdelhamid,Sabiri,MID,HUD,4500000,0,10,7.23E-28,1.61E-34,2.22E-06,0,0,1,5,0,0,0,0,0,0,0,0,0,10,0,0,0,0,0,0,1,0,1,0.1,0,0,0,0,0,217,0,0,0,30,Chelsea,Man City,Cardiff City,Everton,Crystal Palace,12.4,2018,0,Y18W0
Romain,Saiss,DEF,WOL,4500000,0,0,0,0,0,0,0,0,0,0,0,0,0,0,0,0,0,0,0,0,0,0,0,0,0,0,0,0,0.4,0,0,0,0,0,0,0,0,0,0,Everton,Leicester,Man City,West Ham,Burnley,0,2018,0,Y18W0
Mamadou,Sakho,DEF,CRY,5000000,0,81,5.86E-27,1.17E-33,1.62E-05,0,0,1,23,0,0,0,1,0,0,0,0,0,81,0,0,0,0,18,0,6,0,2,1.2,0,0,0,0,0,1597,0,0,0,405,Fulham,Liverpool,Watford,Southampton,Huddersfield,53.6,2018,0,Y18W0
Bakary,Sako,MID,CRY,5000000,0,36,1.30E-26,2.60E-33,7.20E-06,0,0,0,10,0,0,0,3,0,0,0,0,0,36,0,0,0,0,1,0,1,0,0,0,0,0,0,0,0,466,0,0,0,115,Fulham,Liverpool,Watford,Southampton,Huddersfield,46.9,2018,0,Y18W0
Mohamed,Salah,MID,LIV,13000000,0,303,7.973684211,6.13E-07,2.33E-05,0,0,1,29,0,0,0,32,0,0,0,0,0,303,0,0,1,0,26,0,15,0,12,50.7,0,0,0,0,0,2905,0,0,0,881,West Ham,Crystal Palace,Brighton,Leicester,Tottenham,454.4,2018,0,Y18W0
Alexis,Sanchez,MID,MUN,10500000,0,152,4,3.81E-07,1.45E-05,0,0,5,32,0,0,0,9,0,0,0,0,0,152,0,0,1,0,13,0,11,0,10,6.8,0,0,0,0,0,2546,0,0,0,515,Leicester,Brighton,Tottenham,Burnley,Watford,326.1,2018,0,Y18W0
Davinson,Sanchez,DEF,TOT,6000000,0,107,2.815789474,4.69E-07,1.78E-05,0,0,1,21,0,0,0,0,0,0,0,0,0,107,0,0,0,0,8,0,13,0,0,3,0,1,0,0,0,2532,0,0,1,597,Newcastle,Fulham,Man Utd,Watford,Liverpool,76.2,2018,0,Y18W0
,Sandro,FWD,EVE,5500000,0,10,7.23E-28,1.32E-34,1.82E-06,0,0,0,7,0,0,0,0,0,0,0,0,0,10,0,0,0,0,0,0,1,0,0,0.1,0,0,0,0,0,275,0,0,0,21,Wolverhampton,Southampton,Bournemouth,Huddersfield,West Ham,9.8,2018,0,Y18W0
Leroy,Sane,MID,MCI,9500000,0,179,1.29E-26,1.36E-33,1.88E-05,0,0,4,22,0,0,0,10,0,0,0,0,0,179,0,0,0,0,17,0,12,0,15,19.2,0,0,0,0,0,2415,0,0,0,647,Arsenal,Huddersfield,Wolverhampton,Newcastle,Fulham,274.4,2018,0,Y18W0
Fabian,Schar,DEF,NEW,5000000,0,0,0,0,0,0,0,0,0,0,0,0,0,0,0,0,0,0,0,0,0,0,0,0,0,0,0,0,0,0,0,0,0,0,0,0,0,0,0,Tottenham,Cardiff City,Chelsea,Man City,Arsenal,0,2018,0,Y18W0
Ezequiel,Schelotto,DEF,BHA,4000000,0,20,1.45E-27,3.62E-34,5.00E-06,0,0,3,30,0,0,0,0,0,0,0,0,0,20,0,0,0,0,0,0,0,0,0,2.6,0,0,0,0,0,1313,0,0,0,183,Watford,Man Utd,Liverpool,Fulham,Southampton,38.2,2018,0,Y18W0
Christopher,Schindler,DEF,HUD,4500000,0,102,2.684210526,5.96E-07,2.27E-05,0,0,6,53,0,0,0,0,0,0,0,0,0,102,0,0,0,0,15,0,9,0,2,3.5,0,0,0,0,0,3264,0,0,1,692,Chelsea,Man City,Cardiff City,Everton,Crystal Palace,119.1,2018,0,Y18W0
Jeffrey,Schlupp,DEF,CRY,4500000,0,50,1.315789474,2.92E-07,1.11E-05,0,0,3,30,0,0,0,0,0,0,0,0,0,50,0,0,0,0,0,0,3,0,2,0.5,0,0,0,0,0,1742,0,0,0,281,Fulham,Liverpool,Watford,Southampton,Huddersfield,68.6,2018,0,Y18W0
Kasper,Schmeichel,GLK,LEI,5000000,0,123,3.236842105,6.47E-07,2.46E-05,0,0,3,47,0,93,0,0,0,0,0,0,0,123,0,0,0,0,17,0,8,0,0,4.9,0,1,0,2,0,2965,0,0,0,592,Man Utd,Wolverhampton,Southampton,Liverpool,Bournemouth,69.9,2018,0,Y18W0
Morgan,Schneiderlin,MID,EVE,4500000,0,52,1.368421053,3.04E-07,1.16E-05,0,0,4,38,0,0,0,0,0,0,0,0,0,52,0,0,0,0,1,0,6,0,0,1.9,0,0,0,0,0,2124,0,0,1,344,Wolverhampton,Southampton,Bournemouth,Huddersfield,West Ham,57.2,2018,0,Y18W0
Andre,Schurrle,MID,FUL,6000000,0,0,0,0,0,0,0,0,0,0,0,0,0,0,0,0,0,0,0,0,0,0,0,0,0,0,0,0,5,0,0,0,0,0,0,0,0,0,0,Crystal Palace,Tottenham,Burnley,Brighton,Man City,0,2018,0,Y18W0
Ken,Sema,MID,WAT,5000000,0,0,0,0,0,0,0,0,0,0,0,0,0,0,0,0,0,0,0,0,0,0,0,0,0,0,0,0,0.1,0,0,0,0,0,0,0,0,0,0,Brighton,Burnley,Crystal Palace,Tottenham,Man Utd,0,2018,0,Y18W0
Jean Michael,Seri,MID,FUL,5500000,0,0,0,0,0,0,0,0,0,0,0,0,0,0,0,0,0,0,0,0,0,0,0,0,0,0,0,0,2.4,0,0,0,0,0,0,0,0,0,0,Crystal Palace,Tottenham,Burnley,Brighton,Man City,0,2018,0,Y18W0
Ryan,Sessegnon,MID,FUL,6500000,0,0,0,0,0,0,0,0,0,0,0,0,0,0,0,0,0,0,0,0,0,0,0,0,0,0,0,0,12.1,0,0,0,0,0,0,0,0,0,0,Crystal Palace,Tottenham,Burnley,Brighton,Man City,0,2018,0,Y18W0
Xherdan,Shaqiri,MID,LIV,7500000,0,155,4.078947368,5.44E-07,2.07E-05,0,0,5,58,0,0,0,8,0,0,0,0,0,155,0,0,1,0,19,0,6,0,9,6.2,0,0,0,0,0,3039,0,0,0,554,West Ham,Crystal Palace,Brighton,Leicester,Tottenham,255.2,2018,0,Y18W0
Luke,Shaw,DEF,MUN,5000000,0,48,1.74E-26,3.47E-33,9.60E-06,0,0,2,2,0,0,0,0,0,0,0,0,0,48,0,0,0,0,4,0,7,0,0,1.7,0,0,0,0,0,787,0,0,0,216,Leicester,Brighton,Tottenham,Burnley,Watford,41.5,2018,0,Y18W0
Jonjo,Shelvey,MID,NEW,5500000,0,73,1.921052632,3.49E-07,1.33E-05,0,0,2,30,0,0,0,1,0,0,0,0,0,73,0,0,0,0,4,0,6,0,4,1.2,0,0,0,0,0,2264,0,0,2,360,Tottenham,Cardiff City,Chelsea,Man City,Arsenal,132.3,2018,0,Y18W0
Gylfi,Sigurdsson,MID,EVE,7500000,0,96,2.526315789,3.37E-07,1.28E-05,0,0,2,40,0,0,0,4,0,0,0,0,0,96,0,0,0,0,8,0,6,0,4,2.3,0,0,0,0,0,2257,0,0,0,396,Wolverhampton,Southampton,Bournemouth,Huddersfield,West Ham,154,2018,0,Y18W0
,Silva,MID,LEI,5000000,0,23,1.66E-27,3.33E-34,4.60E-06,0,0,3,18,0,0,0,0,0,0,0,0,0,23,0,0,0,0,0,0,1,0,2,0.2,0,0,0,0,0,760,0,0,0,128,Man Utd,Wolverhampton,Southampton,Liverpool,Bournemouth,31.8,2018,0,Y18W0
Danny,Simpson,DEF,LEI,4500000,0,55,1.447368421,3.22E-07,1.22E-05,0,0,4,41,0,0,0,0,0,0,0,0,0,55,0,0,0,0,0,0,5,0,0,0.2,0,0,0,0,0,2306,0,0,0,342,Man Utd,Wolverhampton,Southampton,Liverpool,Bournemouth,60.7,2018,0,Y18W0
Jack,Simpson,DEF,BOU,4000000,0,1,7.23E-29,1.81E-35,2.50E-07,0,0,0,2,0,0,0,0,0,0,0,0,0,1,0,0,0,0,0,0,0,0,0,5.3,0,0,0,0,0,71,0,0,0,10,Cardiff City,West Ham,Everton,Chelsea,Leicester,0.6,2018,0,Y18W0
Joshua,Sims,MID,SOU,4500000,0,8,5.79E-28,1.29E-34,1.78E-06,0,0,0,2,0,0,0,0,0,0,0,0,0,8,0,0,0,0,0,0,1,0,0,0.1,0,0,0,0,0,160,0,0,0,18,Burnley,Everton,Leicester,Crystal Palace,Brighton,22.5,2018,0,Y18W0
Jerome,Sinclair,FWD,WAT,4500000,0,4,0.105263158,2.34E-08,8.89E-07,0,0,0,1,0,0,0,0,0,0,0,0,0,4,0,0,0,0,0,0,0,0,0,0.8,0,0,0,0,0,29,0,0,0,12,Brighton,Burnley,Crystal Palace,Tottenham,Man Utd,1.9,2018,0,Y18W0
Moussa,Sissoko,MID,TOT,5000000,0,58,2.10E-26,4.20E-33,1.16E-05,0,0,3,18,0,0,0,1,0,0,0,0,0,58,0,0,0,0,0,0,7,0,1,0.1,0,0,0,0,0,1385,0,0,0,246,Newcastle,Fulham,Man Utd,Watford,Liverpool,91.1,2018,0,Y18W0
Chris,Smalling,DEF,MUN,6000000,0,123,3.236842105,5.39E-07,2.05E-05,0,0,4,24,0,0,0,4,0,0,0,0,0,123,0,0,0,0,9,0,11,0,0,3.4,0,0,0,0,0,2535,0,0,0,590,Leicester,Brighton,Tottenham,Burnley,Watford,101.2,2018,0,Y18W0
Tommy,Smith,DEF,HUD,4500000,0,50,1.315789474,2.92E-07,1.11E-05,0,0,7,31,0,0,0,0,0,0,0,0,0,50,0,0,0,0,2,0,5,0,1,0.1,0,0,0,0,0,1902,0,0,0,311,Chelsea,Man City,Cardiff City,Everton,Crystal Palace,62.8,2018,0,Y18W0
Alex,Smithies,GLK,CAR,4500000,0,0,0,0,0,0,0,0,0,0,0,0,0,0,0,0,0,0,0,0,0,0,0,0,0,0,0,0,0.3,0,0,0,0,0,0,0,0,0,0,Bournemouth,Newcastle,Huddersfield,Arsenal,Chelsea,0,2018,0,Y18W0
Ramadan,Sobhi,MID,HUD,5000000,0,51,3.69E-27,7.38E-34,1.02E-05,0,0,2,30,0,0,0,2,0,0,0,0,0,51,0,0,0,0,2,0,2,0,1,0.4,0,0,0,0,0,1227,0,0,0,226,Chelsea,Man City,Cardiff City,Everton,Crystal Palace,68.1,2018,0,Y18W0
,Sokratis,DEF,ARS,5500000,0,0,0,0,0,0,0,0,0,0,0,0,0,0,0,0,0,0,0,0,0,0,0,0,0,0,0,0,3.2,0,0,0,0,0,0,0,0,0,0,Man City,Chelsea,West Ham,Cardiff City,Newcastle,0,2018,0,Y18W0
Dominic,Solanke,FWD,LIV,5000000,0,38,1,2.00E-07,7.60E-06,0,0,0,4,0,0,0,1,0,0,0,0,0,38,0,0,0,0,2,0,3,0,2,0.4,0,0,0,0,0,581,0,0,0,107,West Ham,Crystal Palace,Brighton,Leicester,Tottenham,66.4,2018,0,Y18W0
Heung-Min,Son,MID,TOT,8500000,0,178,4.684210526,5.51E-07,2.09E-05,0,0,0,18,0,0,0,12,0,0,0,0,0,178,0,0,0,0,16,0,14,0,8,8.7,0,0,0,0,0,2292,0,0,0,544,Newcastle,Fulham,Man Utd,Watford,Liverpool,249.1,2018,0,Y18W0
Alexander,S?rloth,FWD,CRY,5000000,0,8,5.79E-28,1.16E-34,1.60E-06,0,0,0,9,0,0,0,0,0,0,0,0,0,8,0,0,0,0,0,0,0,0,0,0.5,0,0,0,0,0,360,0,0,0,25,Fulham,Liverpool,Watford,Southampton,Huddersfield,22.5,2018,0,Y18W0
Pape,Souare,DEF,CRY,4500000,0,1,7.23E-29,1.61E-35,2.22E-07,0,0,0,0,0,0,0,0,0,0,0,0,0,1,0,0,0,0,0,0,0,0,0,0.1,0,0,0,0,0,8,0,0,0,3,Fulham,Liverpool,Watford,Southampton,Huddersfield,0.1,2018,0,Y18W0
Julian,Speroni,GLK,CRY,4000000,0,36,2.60E-27,6.51E-34,9.00E-06,0,0,0,14,0,30,0,0,0,0,0,0,0,36,0,0,0,0,3,0,2,0,0,15,0,0,0,0,0,990,0,0,0,175,Fulham,Liverpool,Watford,Southampton,Huddersfield,21.3,2018,0,Y18W0
Junior,Stanislas,MID,BOU,6000000,0,75,1.70E-23,2.83E-30,1.25E-05,0,0,1,22,0,0,0,5,0,0,0,0,0,75,0,0,0,0,7,0,2,0,3,0.1,0,0,0,0,0,1285,0,0,0,285,Cardiff City,West Ham,Everton,Chelsea,Leicester,125.1,2018,0,Y18W0
Jason,Steele,GLK,BHA,4000000,0,0,0,0,0,0,0,0,0,0,0,0,0,0,0,0,0,0,0,0,0,0,0,0,0,0,0,0,1.4,0,0,0,0,0,0,0,0,0,0,Watford,Man Utd,Liverpool,Fulham,Southampton,0,2018,0,Y18W0
Maarten,Stekelenburg,GLK,EVE,4000000,0,0,0,0,0,0,0,0,0,0,0,0,0,0,0,0,0,0,0,0,0,0,0,0,0,0,0,0,2.6,0,0,0,0,0,0,0,0,0,0,Wolverhampton,Southampton,Bournemouth,Huddersfield,West Ham,0,2018,0,Y18W0
Dale,Stephens,MID,BHA,4500000,0,87,2.289473684,5.09E-07,1.93E-05,0,0,6,50,0,0,0,0,0,0,0,0,0,87,0,0,0,0,2,0,10,0,3,11.3,0,0,0,0,0,3240,0,0,0,550,Watford,Man Utd,Liverpool,Fulham,Southampton,107.7,2018,0,Y18W0
Jack,Stephens,DEF,SOU,4500000,0,58,4.20E-27,9.32E-34,1.29E-05,0,0,6,33,0,0,0,2,0,0,0,0,0,58,0,0,0,0,2,0,5,0,0,0.2,0,0,0,0,0,1980,0,0,1,360,Burnley,Everton,Leicester,Crystal Palace,Brighton,79.9,2018,0,Y18W0
Raheem,Sterling,MID,MCI,11000000,0,229,6.026315789,5.48E-07,2.08E-05,0,0,3,23,0,0,0,18,0,0,0,0,0,229,0,0,0,0,19,0,13,0,17,2.7,0,0,0,0,0,2584,0,0,1,701,Arsenal,Huddersfield,Wolverhampton,Newcastle,Fulham,329.7,2018,0,Y18W0
,Steve Cook,DEF,BOU,4500000,0,83,2.184210526,4.85E-07,1.84E-05,0,0,5,53,0,0,0,2,0,0,0,0,0,83,0,0,0,0,9,0,5,0,1,1.1,0,1,0,0,0,2764,0,0,0,495,Cardiff City,West Ham,Everton,Chelsea,Leicester,120.6,2018,0,Y18W0
John,Stones,DEF,MCI,5500000,0,70,5.06E-27,9.21E-34,1.27E-05,0,0,0,11,0,0,0,0,0,0,0,0,0,70,0,0,0,0,5,0,9,0,0,8.2,0,0,0,0,0,1301,0,0,0,334,Arsenal,Huddersfield,Wolverhampton,Newcastle,Fulham,43.2,2018,0,Y18W0
Daniel,Sturridge,FWD,LIV,6000000,0,32,2.31E-27,3.86E-34,5.33E-06,0,0,0,8,0,0,0,2,0,0,0,0,0,32,0,0,0,0,0,0,3,0,1,0.6,0,0,0,0,0,541,0,0,0,131,West Ham,Crystal Palace,Brighton,Leicester,Tottenham,64.5,2018,0,Y18W0
Andrew,Surman,MID,BOU,5000000,0,82,5.93E-27,1.19E-33,1.64E-05,0,0,2,29,0,0,0,2,0,0,0,0,0,82,0,0,0,0,9,0,5,0,5,0.5,0,0,0,0,0,1851,0,0,0,363,Cardiff City,West Ham,Everton,Chelsea,Leicester,84,2018,0,Y18W0
Markus,Suttner,DEF,BHA,4000000,0,38,2.75E-27,6.87E-34,9.50E-06,0,0,0,18,0,0,0,0,0,0,0,0,0,38,0,0,0,0,3,0,4,0,0,5.9,0,0,0,0,0,1178,0,0,0,204,Watford,Man Utd,Liverpool,Fulham,Southampton,30.8,2018,0,Y18W0
Matt,Targett,DEF,SOU,4500000,0,2,1.45E-28,3.21E-35,4.44E-07,0,0,0,6,0,0,0,0,0,0,0,0,0,2,0,0,0,0,0,0,0,0,0,0.1,0,0,0,0,0,166,0,0,0,35,Burnley,Everton,Leicester,Crystal Palace,Brighton,8.1,2018,0,Y18W0
James,Tarkowski,DEF,BUR,5000000,0,101,2.657894737,5.32E-07,2.02E-05,0,0,5,30,0,0,0,0,0,0,0,0,0,101,0,0,0,0,4,0,11,0,1,8,0,0,0,0,0,2790,0,0,0,539,Southampton,Watford,Fulham,Man Utd,Wolverhampton,117.8,2018,0,Y18W0
Charlie,Taylor,DEF,BUR,4500000,0,23,1.66E-27,3.70E-34,5.11E-06,0,0,3,12,0,0,0,0,0,0,0,0,0,23,0,0,0,0,0,0,2,0,0,0.2,0,0,0,0,0,949,0,0,0,132,Southampton,Watford,Fulham,Man Utd,Wolverhampton,27.5,2018,0,Y18W0
James,Tomkins,DEF,CRY,4500000,0,99,2.605263158,5.79E-07,2.20E-05,0,0,8,32,0,0,0,3,0,0,0,0,0,99,0,0,0,0,9,0,9,0,0,11.2,0,0,0,0,0,2386,0,0,0,512,Fulham,Liverpool,Watford,Southampton,Huddersfield,104.7,2018,0,Y18W0
Lucas,Torreira,MID,ARS,5000000,0,0,0,0,0,0,0,0,0,0,0,0,0,0,0,0,0,0,0,0,0,0,0,0,0,0,0,0,1.8,0,0,0,0,0,0,0,0,0,0,Man City,Chelsea,West Ham,Cardiff City,Newcastle,0,2018,0,Y18W0
Cenk,Tosun,FWD,EVE,7000000,0,55,3.98E-27,5.68E-34,7.86E-06,0,0,0,13,0,0,0,5,0,0,0,0,0,55,0,0,0,0,9,0,4,0,0,9.3,0,0,0,0,0,984,0,0,0,192,Wolverhampton,Southampton,Bournemouth,Huddersfield,West Ham,75.6,2018,0,Y18W0
Andros,Townsend,MID,CRY,6000000,0,121,3.184210526,5.31E-07,2.02E-05,0,0,3,48,0,0,0,2,0,0,0,0,0,121,0,0,0,0,7,0,9,0,9,2.1,0,0,0,0,0,3120,0,0,0,552,Fulham,Liverpool,Watford,Southampton,Huddersfield,222.8,2018,0,Y18W0
Kieran,Trippier,DEF,TOT,6000000,0,113,2.973684211,4.96E-07,1.88E-05,0,0,1,21,0,0,0,0,0,0,0,0,0,113,0,0,0,0,18,0,9,0,7,26.7,0,0,0,0,0,1912,0,0,0,539,Newcastle,Fulham,Man Utd,Watford,Liverpool,115.6,2018,0,Y18W0
Antonio,Valencia,DEF,MUN,6500000,0,146,3.842105263,5.91E-07,2.25E-05,0,0,7,22,0,0,0,3,0,0,0,0,0,146,0,0,0,0,13,0,16,0,1,2.9,0,0,0,0,0,2741,0,0,0,660,Leicester,Brighton,Tottenham,Burnley,Watford,125.5,2018,0,Y18W0
Patrick,van Aanholt,DEF,CRY,5500000,0,95,2.5,4.55E-07,1.73E-05,0,0,7,38,0,0,0,5,0,0,0,0,0,95,0,0,0,0,7,0,6,0,1,5.3,0,0,0,0,0,2182,0,0,0,448,Fulham,Liverpool,Watford,Southampton,Huddersfield,116.3,2018,0,Y18W0
Virgil,van Dijk,DEF,LIV,6000000,0,78,2.052631579,3.42E-07,1.30E-05,0,0,1,28,0,0,0,0,0,0,0,0,0,78,0,0,0,0,5,0,8,0,0,15.3,0,0,0,0,0,2253,0,0,0,481,West Ham,Crystal Palace,Brighton,Leicester,Tottenham,100.2,2018,0,Y18W0
Rajiv,van La Parra,MID,HUD,5000000,0,74,1.947368421,3.89E-07,1.48E-05,0,0,3,36,0,0,0,3,0,0,0,0,0,74,0,0,0,0,3,0,6,0,0,0.1,0,0,0,0,0,2131,0,0,1,240,Chelsea,Man City,Cardiff City,Everton,Crystal Palace,112.7,2018,0,Y18W0
Jamie,Vardy,FWD,LEI,9000000,0,183,4.815789474,5.35E-07,2.03E-05,0,0,3,57,0,0,0,20,0,0,0,0,0,183,0,0,1,0,28,0,8,0,2,9.4,0,0,0,0,0,3248,0,0,0,674,Man Utd,Wolverhampton,Southampton,Liverpool,Bournemouth,248.6,2018,0,Y18W0
Jan,Vertonghen,DEF,TOT,6000000,0,138,3.631578947,6.05E-07,2.30E-05,0,0,4,31,0,0,0,0,0,0,0,0,0,138,0,0,0,0,13,0,16,0,1,8.6,0,0,0,0,0,3203,0,0,0,778,Newcastle,Fulham,Man Utd,Watford,Liverpool,122.7,2018,0,Y18W0
Jannik,Vestergaard,DEF,SOU,5000000,0,0,0,0,0,0,0,0,0,0,0,0,0,0,0,0,0,0,0,0,0,0,0,0,0,0,0,0,0.9,0,0,0,0,0,0,0,0,0,0,Burnley,Everton,Leicester,Crystal Palace,Brighton,0,2018,0,Y18W0
,Vinagre,DEF,WOL,4500000,0,0,0,0,0,0,0,0,0,0,0,0,0,0,0,0,0,0,0,0,0,0,0,0,0,0,0,0,0.2,0,0,0,0,0,0,0,0,0,0,Everton,Leicester,Man City,West Ham,Burnley,0,2018,0,Y18W0
Nikola,Vlasic,MID,EVE,5000000,0,18,1.30E-27,2.60E-34,3.60E-06,0,0,0,12,0,0,0,0,0,0,0,0,0,18,0,0,0,0,0,0,1,0,0,0,0,0,0,0,0,572,0,0,0,80,Wolverhampton,Southampton,Bournemouth,Huddersfield,West Ham,33.6,2018,0,Y18W0
Sam,Vokes,FWD,BUR,5500000,0,63,4.56E-27,8.29E-34,1.15E-05,0,0,3,16,0,0,0,4,0,0,0,0,0,63,0,0,0,0,7,0,2,0,2,1.3,0,0,0,0,0,977,0,0,0,170,Southampton,Watford,Fulham,Man Utd,Wolverhampton,71.1,2018,0,Y18W0
Michel,Vorm,GLK,TOT,5000000,0,3,2.17E-28,4.34E-35,6.00E-07,0,0,0,1,0,4,0,0,0,0,0,0,0,3,0,0,0,0,0,0,0,0,0,0.1,0,0,0,0,0,90,0,0,0,17,Newcastle,Fulham,Man Utd,Watford,Liverpool,1.9,2018,0,Y18W0
Theo,Walcott,MID,EVE,6500000,0,62,4.48E-27,6.90E-34,9.54E-06,0,0,2,17,0,0,0,3,0,0,0,0,0,62,0,0,0,0,3,0,4,0,3,2.8,0,0,0,0,0,1214,0,0,0,226,Wolverhampton,Southampton,Bournemouth,Huddersfield,West Ham,95.9,2018,0,Y18W0
Kyle,Walker,DEF,MCI,6500000,0,138,3.631578947,5.59E-07,2.12E-05,0,0,2,22,0,0,0,0,0,0,0,0,0,138,0,0,0,0,8,0,15,0,6,9.3,0,1,0,0,0,2784,0,0,1,691,Arsenal,Huddersfield,Wolverhampton,Newcastle,Fulham,117.1,2018,0,Y18W0
Kyle,Walker-Peters,DEF,TOT,4500000,0,13,9.40E-28,2.09E-34,2.89E-06,0,0,0,4,0,0,0,0,0,0,0,0,0,13,0,0,0,0,0,0,1,0,2,0.4,0,0,0,0,0,188,0,0,0,73,Newcastle,Fulham,Man Utd,Watford,Liverpool,12.9,2018,0,Y18W0
Jonathan,Walters,MID,BUR,5000000,0,3,2.17E-28,4.34E-35,6.00E-07,0,0,0,2,0,0,0,0,0,0,0,0,0,3,0,0,0,0,0,0,0,0,0,0.1,0,0,0,0,0,36,0,0,0,3,Southampton,Watford,Fulham,Man Utd,Wolverhampton,1.1,2018,0,Y18W0
Aaron,Wan-Bissaka,DEF,CRY,4000000,0,15,1.09E-27,2.71E-34,3.75E-06,0,0,1,10,0,0,0,0,0,0,0,0,0,15,0,0,0,0,0,0,2,0,0,5.3,0,0,0,0,0,627,0,0,0,116,Fulham,Liverpool,Watford,Southampton,Huddersfield,26.8,2018,0,Y18W0
Victor,Wanyama,MID,TOT,5000000,0,32,1.16E-26,2.31E-33,6.40E-06,0,0,2,11,0,0,0,1,0,0,0,0,0,32,0,0,0,0,1,0,2,0,0,0.1,0,0,0,0,0,837,0,0,0,174,Newcastle,Fulham,Man Utd,Watford,Liverpool,37.8,2018,0,Y18W0
Danny,Ward,MID,CAR,4500000,0,0,0,0,0,0,0,0,0,0,0,0,0,0,0,0,0,0,0,0,0,0,0,0,0,0,0,0,0.5,0,0,0,0,0,0,0,0,0,0,Bournemouth,Newcastle,Huddersfield,Arsenal,Chelsea,0,2018,0,Y18W0
Danny,Ward,GLK,LEI,4500000,0,0,0,0,0,0,0,0,0,0,0,0,0,0,0,0,0,0,0,0,0,0,0,0,0,0,0,0,0.4,0,0,0,0,0,0,0,0,0,0,Man Utd,Wolverhampton,Southampton,Liverpool,Bournemouth,0,2018,0,Y18W0
Joel,Ward,DEF,CRY,4500000,0,41,1.078947368,2.40E-07,9.11E-06,0,0,4,25,0,0,0,0,0,0,0,0,0,41,0,0,0,0,0,0,4,0,1,0.4,0,1,0,0,0,1613,0,0,0,276,Fulham,Liverpool,Watford,Southampton,Huddersfield,56.3,2018,0,Y18W0
Stephen,Ward,DEF,BUR,5000000,0,102,2.684210526,5.37E-07,2.04E-05,0,0,1,27,0,0,0,1,0,0,0,0,0,102,0,0,0,0,9,0,9,0,1,8.3,0,0,0,0,0,2460,0,0,0,484,Southampton,Watford,Fulham,Man Utd,Wolverhampton,85.4,2018,0,Y18W0
James,Ward-Prowse,MID,SOU,5500000,0,84,2.210526316,4.02E-07,1.53E-05,0,0,3,29,0,0,0,3,0,0,0,0,0,84,0,0,0,0,8,0,2,0,5,0.6,0,0,0,0,0,1708,0,0,0,367,Burnley,Everton,Leicester,Crystal Palace,Brighton,127.1,2018,0,Y18W0
Danny,Welbeck,FWD,ARS,6500000,0,70,1.842105263,2.83E-07,1.08E-05,0,0,1,21,0,0,0,5,0,0,0,0,0,70,0,0,0,0,6,0,4,0,2,0.7,0,0,0,0,0,1178,0,0,0,249,Man City,Chelsea,West Ham,Cardiff City,Newcastle,96,2018,0,Y18W0
Nahki,Wells,FWD,BUR,4500000,0,9,6.51E-28,1.45E-34,2.00E-06,0,0,0,3,0,0,0,0,0,0,0,0,0,9,0,0,0,0,0,0,0,0,0,2.1,0,0,0,0,0,46,0,0,0,20,Southampton,Watford,Fulham,Man Utd,Wolverhampton,4.7,2018,0,Y18W0
Ashley,Westwood,MID,BUR,4500000,0,35,2.53E-27,5.63E-34,7.78E-06,0,0,2,17,0,0,0,0,0,0,0,0,0,35,0,0,0,0,1,0,2,0,1,0.3,0,0,0,0,0,1105,0,0,0,189,Southampton,Watford,Fulham,Man Utd,Wolverhampton,40.7,2018,0,Y18W0
Connor,Wickham,FWD,CRY,5000000,0,0,0,0,0,0,0,0,0,0,0,0,0,0,0,0,0,0,0,0,0,0,0,0,0,0,0,0,0.2,0,0,0,0,0,0,0,0,0,0,Fulham,Liverpool,Watford,Southampton,Huddersfield,0,2018,0,Y18W0
Georginio,Wijnaldum,MID,LIV,5500000,0,85,2.236842105,4.07E-07,1.55E-05,0,0,1,23,0,0,0,1,0,0,0,0,0,85,0,0,0,0,1,0,15,0,2,0.4,0,0,0,0,0,2381,0,0,0,406,West Ham,Crystal Palace,Brighton,Leicester,Tottenham,109.9,2018,0,Y18W0
Ashley,Williams,DEF,EVE,4500000,0,56,1.473684211,3.27E-07,1.24E-05,0,0,3,31,0,0,0,1,0,0,0,0,0,56,0,0,0,0,3,0,5,0,0,1.4,0,0,0,0,0,1830,0,0,1,332,Wolverhampton,Southampton,Bournemouth,Huddersfield,West Ham,68.9,2018,0,Y18W0
Danny,Williams,MID,HUD,4500000,0,28,6.33E-24,1.41E-30,6.22E-06,0,0,2,22,0,0,0,0,0,0,0,0,0,28,0,0,0,0,0,0,0,0,0,0,0,0,0,0,0,1115,0,0,0,134,Chelsea,Man City,Cardiff City,Everton,Crystal Palace,27,2018,0,Y18W0
,Willian,MID,CHE,7500000,0,130,9.40E-27,1.25E-33,1.73E-05,0,0,1,19,0,0,0,6,0,0,0,0,0,130,0,0,0,0,13,0,9,0,8,7.1,0,0,0,0,0,1874,0,0,0,522,Huddersfield,Arsenal,Newcastle,Bournemouth,Cardiff City,224.5,2018,0,Y18W0
Jack,Wilshere,MID,WHU,5000000,0,46,3.33E-27,6.65E-34,9.20E-06,0,0,6,16,0,0,0,1,0,0,0,0,0,46,0,0,0,0,2,0,4,0,3,5.1,0,0,0,0,0,1185,0,0,0,236,Liverpool,Bournemouth,Arsenal,Wolverhampton,Everton,71,2018,0,Y18W0
Callum,Wilson,FWD,BOU,6000000,0,102,2.684210526,4.47E-07,1.70E-05,0,0,0,33,0,0,0,8,0,0,0,0,0,102,0,0,0,0,13,0,6,0,2,4,0,0,0,0,0,1981,0,0,0,282,Cardiff City,West Ham,Everton,Chelsea,Leicester,147.5,2018,0,Y18W0
Harry,Winks,MID,TOT,5500000,0,31,1.12E-26,2.04E-33,5.64E-06,0,0,0,9,0,0,0,0,0,0,0,0,0,31,0,0,0,0,0,0,4,0,1,0,0,0,0,0,0,768,0,0,0,167,Newcastle,Fulham,Man Utd,Watford,Liverpool,33.1,2018,0,Y18W0
Chris,Wood,FWD,BUR,6500000,0,104,2.736842105,4.21E-07,1.60E-05,0,0,1,11,0,0,0,10,0,0,0,0,0,104,0,0,0,0,20,0,10,0,1,2.4,0,0,0,0,0,1621,0,0,0,314,Southampton,Watford,Fulham,Man Utd,Wolverhampton,133.8,2018,0,Y18W0
Granit,Xhaka,MID,ARS,5500000,0,109,2.868421053,5.22E-07,1.98E-05,0,0,10,50,0,0,0,1,0,0,0,0,0,109,0,0,0,0,3,0,12,0,8,4.4,0,0,0,0,0,3259,0,0,0,593,Man City,Chelsea,West Ham,Cardiff City,Newcastle,195.3,2018,0,Y18W0
Andriy,Yarmolenko,MID,WHU,7000000,0,0,0,0,0,0,0,0,0,0,0,0,0,0,0,0,0,0,0,0,0,0,0,0,0,0,0,0,4.5,0,0,0,0,0,0,0,0,0,0,Liverpool,Bournemouth,Arsenal,Wolverhampton,Everton,0,2018,0,Y18W0
DeAndre,Yedlin,DEF,NEW,4500000,0,88,2.315789474,5.15E-07,1.96E-05,0,0,5,37,0,0,0,0,0,0,0,0,0,88,0,0,0,0,5,0,7,0,2,1.8,0,1,0,0,0,2842,0,0,0,467,Tottenham,Cardiff City,Chelsea,Man City,Arsenal,90,2018,0,Y18W0
Maya,Yoshida,DEF,SOU,4500000,0,76,2,4.44E-07,1.69E-05,0,0,2,32,0,0,0,2,0,0,0,0,0,76,0,0,0,0,6,0,6,0,1,1.5,0,0,0,0,0,2049,0,0,1,413,Burnley,Everton,Leicester,Crystal Palace,Brighton,83,2018,0,Y18W0
Ashley,Young,DEF,MUN,6000000,0,98,2.578947368,4.30E-07,1.63E-05,0,0,7,26,0,0,0,2,0,0,0,0,0,98,0,0,0,0,11,0,9,0,6,4.8,0,0,0,0,0,2444,0,0,0,479,Leicester,Brighton,Tottenham,Burnley,Watford,131.6,2018,0,Y18W0
Pablo,Zabaleta,DEF,WHU,4500000,0,90,2.368421053,5.26E-07,2.00E-05,0,0,9,62,0,0,0,0,0,0,0,0,0,90,0,0,0,0,6,0,10,0,1,3.1,0,1,0,0,0,3289,0,0,0,563,Liverpool,Bournemouth,Arsenal,Wolverhampton,Everton,100.7,2018,0,Y18W0
Wilfried,Zaha,FWD,CRY,7000000,0,136,3.578947368,5.11E-07,1.94E-05,0,0,5,31,0,0,0,9,0,0,0,0,0,136,0,0,0,0,8,0,10,0,7,32.1,0,0,0,0,0,2549,0,0,0,404,Fulham,Liverpool,Watford,Southampton,Huddersfield,251,2018,0,Y18W0
,Zanka,DEF,HUD,4500000,0,107,2.815789474,6.26E-07,2.38E-05,0,0,6,58,0,0,0,0,0,0,0,0,0,107,0,0,0,0,9,0,10,0,3,10.4,0,0,0,0,0,3420,0,0,0,623,Chelsea,Man City,Cardiff City,Everton,Crystal Palace,106.2,2018,0,Y18W0
Davide,Zappacosta,DEF,CHE,5500000,0,58,4.20E-27,7.63E-34,1.05E-05,0,0,0,15,0,0,0,1,0,0,0,0,0,58,0,0,0,0,1,0,5,0,1,0.3,0,0,0,0,0,1087,0,0,0,226,Huddersfield,Arsenal,Newcastle,Bournemouth,Cardiff City,82.6,2018,0,Y18W0
Marvin,Zeegelaar,DEF,WAT,4500000,0,28,2.03E-27,4.50E-34,6.22E-06,0,0,4,18,0,0,0,0,0,0,0,0,0,28,0,0,0,0,5,0,2,0,2,0.1,0,0,0,0,0,993,0,0,1,186,Brighton,Burnley,Crystal Palace,Tottenham,Man Utd,35.2,2018,0,Y18W0
Oleksandr,Zinchenko,MID,MCI,5000000,0,16,1.16E-27,2.31E-34,3.20E-06,0,0,1,3,0,0,0,0,0,0,0,0,0,16,0,0,0,0,0,0,3,0,0,0.1,0,0,0,0,0,530,0,0,0,104,Arsenal,Huddersfield,Wolverhampton,Newcastle,Fulham,28.3,2018,0,Y18W0
Kenneth,Zohore,FWD,CAR,5000000,0,0,0,0,0,0,0,0,0,0,0,0,0,0,0,0,0,0,0,0,0,0,0,0,0,0,0,0,1,0,0,0,0,0,0,0,0,0,0,Bournemouth,Newcastle,Huddersfield,Arsenal,Chelsea,0,2018,0,Y18W0
